czas_ms,x_px,y_px,zrenica_mm
1843502,967.8,529.8,3.612
1843504,964.1,525.7,3.622
1843506,963.0,527.6,3.587
1843508,964.3,529.7,3.582
1843510,964.2,529.8,3.614
1843512,965.3,529.9,3.601
1843514,964.2,529.1,3.603
1843516,964.9,527.9,3.601
1843518,964.2,529.7,3.6
1843520,966.2,528.7,3.621
1843522,964.1,529.0,3.597
1843524,965.1,527.1,3.573
1843526,960.5,527.4,3.608
1843528,965.9,526.7,3.601
1843530,965.0,528.5,3.6
1843532,967.4,528.1,3.617
1843534,966.5,529.0,3.609
1843536,966.9,530.2,3.579
1843538,964.4,528.6,3.581
1843540,965.5,530.3,3.607
1843542,963.5,529.9,3.574
1843544,964.4,527.9,3.581
1843546,964.1,528.9,3.575
1843548,967.8,527.6,3.585
1843550,963.7,527.7,3.584
1843552,965.6,527.7,3.569
1843554,966.8,526.9,3.579
1843556,965.1,528.1,3.6
1843558,964.0,530.0,3.575
1843560,965.7,529.1,3.602
1843562,964.5,528.4,3.596
1843564,965.5,529.4,3.577
1843566,963.1,529.3,3.596
1843568,965.2,527.4,3.581
1843570,962.9,527.5,3.584
1843572,962.1,527.6,3.578
1843574,963.8,531.0,3.589
1843576,960.6,526.0,3.604
1843578,961.1,529.5,3.602
1843580,962.9,528.2,3.586
1843582,964.6,529.8,3.566
1843584,963.7,527.4,3.585
1843586,963.7,529.5,3.602
1843588,962.6,526.0,3.581
1843590,965.1,527.2,3.594
1843592,964.3,529.4,3.579
1843594,962.8,527.6,3.589
1843596,965.2,531.1,3.577
1843598,965.8,528.6,3.587
1843600,963.4,529.8,3.594
1843602,963.3,526.8,3.598
1843604,962.8,528.1,3.605
1843606,965.9,530.4,3.575
1843608,965.0,530.2,3.597
1843610,964.5,530.1,3.571
1843612,960.1,529.5,3.574
1843614,963.0,527.8,3.564
1843616,963.4,528.8,3.558
1843618,964.6,528.1,3.574
1843620,963.8,529.1,3.591
1843622,962.8,531.3,3.558
1843624,962.3,528.7,3.587
1843626,962.2,530.9,3.575
1843628,965.3,528.7,3.595
1843630,961.0,528.3,3.576
1843632,963.2,529.1,3.58
1843634,962.6,529.8,3.569
1843636,965.4,530.0,3.556
1843638,963.0,530.4,3.577
1843640,961.5,527.3,3.553
1843642,962.6,532.2,3.58
1843644,961.4,532.0,3.584
1843646,964.1,527.4,3.58
1843648,961.5,529.0,3.6
1843650,963.7,529.4,3.58
1843652,963.6,531.9,3.543
1843654,963.3,527.9,3.573
1843656,963.8,530.2,3.55
1843658,964.5,530.8,3.566
1843660,962.9,531.7,3.565
1843662,961.6,529.4,3.559
1843664,962.7,528.5,3.595
1843666,961.9,530.6,3.564
1843668,960.6,533.4,3.571
1843670,960.2,530.5,3.551
1843672,963.1,530.0,3.571
1843674,962.5,530.8,3.564
1843676,964.1,529.3,3.568
1843678,963.6,531.2,3.549
1843680,962.9,530.0,3.579
1843682,964.4,532.8,3.576
1843684,964.8,529.4,3.563
1843686,963.6,530.4,3.564
1843688,964.7,529.0,3.571
1843690,963.9,529.5,3.558
1843692,962.9,530.6,3.552
1843694,964.4,532.2,3.556
1843696,964.3,530.9,3.569
1843698,964.1,529.9,3.579
1843700,964.8,529.2,3.563
1843702,964.7,529.5,3.567
1843704,962.7,531.1,3.54
1843706,963.2,526.8,3.572
1843708,965.0,530.7,3.584
1843710,962.9,530.8,3.584
1843712,964.0,531.7,3.567
1843714,962.4,529.4,3.572
1843716,962.5,528.0,3.57
1843718,964.4,530.5,3.556
1843720,962.6,529.9,3.558
1843722,965.4,529.5,3.552
1843724,963.7,531.7,3.555
1843726,964.2,530.6,3.571
1843728,963.1,530.8,3.57
1843730,962.9,530.3,3.538
1843732,962.3,526.8,3.553
1843734,961.8,530.0,3.559
1843736,963.5,530.7,3.572
1843738,960.6,530.6,3.57
1843740,966.8,530.5,3.555
1843742,962.6,530.3,3.564
1843744,960.3,529.3,3.565
1843746,963.4,532.0,3.557
1843748,962.8,532.2,3.56
1843750,964.4,529.6,3.553
1843752,964.8,534.2,3.533
1843754,963.3,533.1,3.558
1843756,962.7,528.9,3.548
1843758,963.2,532.2,3.566
1843760,963.8,529.5,3.559
1843762,967.5,529.7,3.566
1843764,962.5,530.7,3.555
1843766,961.1,525.6,3.562
1843768,964.9,527.7,3.538
1843770,961.8,532.2,3.558
1843772,963.5,531.2,3.56
1843774,961.0,528.4,3.56
1843776,961.5,530.5,3.577
1843778,963.3,527.5,3.541
1843780,963.4,526.1,3.568
1843782,961.8,524.8,3.547
1843784,955.4,519.8,3.567
1843786,950.5,519.3,3.567
1843788,936.9,517.4,3.571
1843790,921.3,520.0,3.528
1843792,901.8,518.0,3.548
1843794,875.4,517.5,3.549
1843796,846.1,519.9,3.557
1843798,815.7,516.7,3.56
1843800,776.7,518.6,3.538
1843802,739.8,520.4,3.561
1843804,698.9,523.2,3.548
1843806,662.8,524.2,3.569
1843808,621.7,526.2,3.536
1843810,582.0,529.8,3.534
1843812,547.0,534.1,3.543
1843814,511.2,535.3,3.539
1843816,478.1,541.7,3.547
1843818,448.9,543.9,3.559
1843820,423.1,545.2,3.557
1843822,401.7,549.2,3.528
1843824,390.4,553.4,3.565
1843826,378.2,555.8,3.544
1843828,367.1,559.5,3.547
1843830,365.0,563.2,3.542
1843832,365.1,563.6,3.543
1843834,364.6,570.5,3.549
1843836,363.4,566.5,3.539
1843838,365.3,568.5,3.544
1843840,363.8,567.7,3.533
1843842,365.0,568.1,3.538
1843844,363.4,567.6,3.545
1843846,366.2,566.8,3.517
1843848,362.7,569.2,3.539
1843850,361.8,568.4,3.525
1843852,365.3,566.3,3.534
1843854,362.9,568.2,3.559
1843856,363.7,566.7,3.547
1843858,365.1,566.8,3.54
1843860,364.7,566.0,3.537
1843862,362.2,568.4,3.531
1843864,364.0,566.3,3.535
1843866,363.8,566.3,3.536
1843868,364.7,567.9,3.507
1843870,363.5,568.6,3.529
1843872,362.2,566.7,3.531
1843874,364.0,565.7,3.553
1843876,364.0,566.2,3.525
1843878,365.5,567.0,3.54
1843880,364.5,566.1,3.509
1843882,366.2,566.3,3.525
1843884,363.8,566.6,3.533
1843886,364.5,567.6,3.533
1843888,364.4,569.6,3.553
1843890,363.5,568.4,3.518
1843892,364.8,568.1,3.509
1843894,361.6,566.5,3.531
1843896,362.2,564.8,3.535
1843898,364.0,566.9,3.527
1843900,368.4,566.5,3.543
1843902,365.4,568.1,3.518
1843904,365.1,568.3,3.508
1843906,364.6,566.3,3.534
1843908,365.2,568.8,3.512
1843910,363.0,567.1,3.508
1843912,363.0,566.9,3.496
1843914,362.1,565.9,3.506
1843916,365.1,566.8,3.514
1843918,362.0,565.8,3.505
1843920,364.9,565.1,3.529
1843922,363.6,565.6,3.502
1843924,364.2,566.9,3.513
1843926,365.4,566.0,3.509
1843928,363.3,568.3,3.508
1843930,367.0,569.5,3.494
1843932,365.6,569.1,3.509
1843934,362.5,567.2,3.517
1843936,363.9,567.7,3.504
1843938,363.7,567.8,3.511
1843940,366.8,566.0,3.483
1843942,364.8,565.4,3.524
1843944,363.9,567.7,3.478
1843946,365.4,567.6,3.506
1843948,365.9,565.7,3.497
1843950,365.2,567.2,3.49
1843952,363.1,565.8,3.482
1843954,367.0,567.7,3.487
1843956,362.5,565.9,3.499
1843958,367.1,567.1,3.502
1843960,367.3,568.4,3.486
1843962,364.5,567.1,3.49
1843964,366.5,568.5,3.474
1843966,363.7,566.1,3.456
1843968,365.8,568.2,3.493
1843970,366.5,567.0,3.49
1843972,363.7,568.2,3.497
1843974,365.1,564.6,3.476
1843976,367.4,567.5,3.479
1843978,366.9,567.2,3.475
1843980,366.6,565.2,3.464
1843982,366.8,568.2,3.454
1843984,365.3,565.0,3.491
1843986,363.0,565.6,3.461
1843988,363.5,565.3,3.456
1843990,365.4,568.0,3.468
1843992,368.1,567.7,3.461
1843994,365.1,568.2,3.457
1843996,364.3,568.7,3.472
1843998,364.5,568.3,3.466
1844000,364.7,566.8,3.461
1844002,367.0,566.7,3.459
1844004,365.1,567.3,3.435
1844006,367.3,567.4,3.465
1844008,366.5,567.1,3.455
1844010,364.8,566.2,3.443
1844012,364.8,569.9,3.432
1844014,363.1,566.5,3.443
1844016,365.6,568.4,3.451
1844018,366.0,567.1,3.44
1844020,364.0,569.4,3.437
1844022,364.2,567.5,3.444
1844024,363.5,567.5,3.431
1844026,364.9,567.2,3.432
1844028,365.7,567.8,3.438
1844030,367.0,569.6,3.437
1844032,370.7,573.2,3.411
1844034,379.9,574.2,3.425
1844036,391.8,574.8,3.427
1844038,406.9,577.1,3.421
1844040,420.0,580.0,3.407
1844042,441.2,584.4,3.431
1844044,455.3,587.6,3.434
1844046,472.9,590.3,3.421
1844048,484.3,590.8,3.428
1844050,499.0,590.3,3.389
1844052,508.8,595.7,3.409
1844054,513.4,593.2,3.417
1844056,516.4,592.3,3.421
1844058,514.5,593.3,3.405
1844060,514.7,591.7,3.409
1844062,515.7,593.4,3.4
1844064,512.8,591.6,3.395
1844066,515.0,592.1,3.39
1844068,512.8,594.9,3.397
1844070,510.7,589.6,3.403
1844072,513.5,593.5,3.397
1844074,513.2,595.6,3.385
1844076,515.7,589.1,3.369
1844078,512.4,592.8,3.372
1844080,514.8,591.5,3.373
1844082,512.4,590.7,3.381
1844084,512.3,594.4,3.364
1844086,511.8,592.0,3.367
1844088,514.3,593.6,3.356
1844090,512.7,592.5,3.369
1844092,513.3,591.3,3.36
1844094,516.8,592.5,3.36
1844096,513.8,594.2,3.352
1844098,513.0,591.2,3.363
1844100,514.5,591.5,3.368
1844102,513.0,593.2,3.329
1844104,514.1,593.3,3.361
1844106,511.6,591.7,3.353
1844108,511.5,590.0,3.353
1844110,512.6,592.7,3.35
1844112,514.3,594.0,3.351
1844114,510.9,590.5,3.328
1844116,512.6,591.0,3.342
1844118,512.9,593.1,3.309
1844120,514.6,590.3,3.342
1844122,514.8,591.7,3.305
1844124,515.8,591.2,3.309
1844126,514.7,594.0,3.325
1844128,515.4,592.4,3.33
1844130,516.0,593.0,3.328
1844132,513.2,591.1,3.334
1844134,514.8,594.2,3.307
1844136,517.1,590.7,3.316
1844138,513.4,590.4,3.331
1844140,512.6,588.9,3.328
1844142,513.5,592.9,3.303
1844144,511.9,588.8,3.315
1844146,515.4,588.3,3.299
1844148,513.9,590.1,3.316
1844150,511.2,592.2,3.32
1844152,516.2,590.7,3.273
1844154,512.3,592.9,3.284
1844156,512.8,592.5,3.308
1844158,513.3,589.8,3.275
1844160,509.3,593.5,3.288
1844162,516.7,591.5,3.273
1844164,511.6,591.8,3.272
1844166,514.1,591.7,3.269
1844168,514.4,591.7,3.283
1844170,515.2,593.7,3.278
1844172,514.7,591.2,3.277
1844174,515.4,593.4,3.257
1844176,514.2,592.3,3.272
1844178,515.5,590.0,3.258
1844180,516.3,593.0,3.253
1844182,514.9,593.0,3.248
1844184,514.7,593.2,3.27
1844186,511.4,591.5,3.272
1844188,515.4,590.8,3.262
1844190,514.0,590.0,3.233
1844192,512.3,591.6,3.268
1844194,514.1,589.4,3.255
1844196,516.5,589.6,3.238
1844198,511.4,589.3,3.247
1844200,514.3,592.8,3.261
1844202,512.9,591.7,3.223
1844204,513.1,591.8,3.228
1844206,514.9,590.2,3.237
1844208,513.3,589.1,3.221
1844210,514.1,590.5,3.225
1844212,514.6,590.7,3.222
1844214,515.1,591.4,3.208
1844216,514.3,589.7,3.218
1844218,513.4,592.2,3.241
1844220,513.4,591.0,3.221
1844222,514.6,589.9,3.23
1844224,514.2,590.3,3.224
1844226,514.0,592.2,3.193
1844228,516.2,588.2,3.209
1844230,513.3,591.8,3.228
1844232,515.4,589.8,3.225
1844234,512.6,590.9,3.196
1844236,514.0,589.1,3.215
1844238,514.8,589.1,3.216
1844240,512.9,591.8,3.227
1844242,515.0,590.5,3.205
1844244,512.9,589.2,3.204
1844246,512.8,589.6,3.181
1844248,515.7,589.8,3.207
1844250,515.7,588.3,3.192
1844252,515.3,589.2,3.175
1844254,515.9,588.7,3.185
1844256,517.4,591.5,3.187
1844258,515.2,591.2,3.179
1844260,513.2,587.9,3.184
1844262,515.5,590.0,3.175
1844264,516.7,590.1,3.178
1844266,515.2,589.3,3.175
1844268,516.8,591.5,3.148
1844270,515.6,587.4,3.172
1844272,514.0,586.4,3.163
1844274,515.6,589.6,3.173
1844276,513.2,589.7,3.175
1844278,516.7,589.9,3.162
1844280,518.1,587.7,3.17
1844282,514.6,591.2,3.153
1844284,512.9,589.8,3.159
1844286,515.2,589.1,3.153
1844288,515.2,589.9,3.145
1844290,514.8,590.0,3.145
1844292,514.4,589.2,3.154
1844294,515.6,587.7,3.154
1844296,514.1,589.6,3.145
1844298,512.7,587.5,3.161
1844300,513.5,590.1,3.153
1844302,515.7,589.0,3.147
1844304,514.3,589.1,3.141
1844306,514.8,586.3,3.152
1844308,514.0,590.2,3.146
1844310,513.7,588.2,3.133
1844312,512.3,587.6,3.124
1844314,514.2,589.5,3.149
1844316,513.0,588.0,3.144
1844318,514.2,587.2,3.136
1844320,514.7,588.5,3.127
1844322,511.2,589.9,3.123
1844324,508.9,590.9,3.142
1844326,505.6,594.5,3.123
1844328,500.0,594.5,3.144
1844330,492.0,597.3,3.138
1844332,482.7,603.1,3.139
1844334,478.6,604.6,3.131
1844336,470.5,604.6,3.13
1844338,463.8,607.0,3.12
1844340,461.8,608.5,3.116
1844342,458.9,605.7,3.127
1844344,461.8,607.7,3.103
1844346,462.4,608.5,3.139
1844348,459.6,606.1,3.117
1844350,461.9,605.1,3.111
1844352,461.6,605.9,3.121
1844354,460.8,608.0,3.125
1844356,462.6,605.5,3.114
1844358,460.2,606.3,3.105
1844360,463.1,605.7,3.136
1844362,462.3,606.5,3.104
1844364,463.6,606.6,3.115
1844366,461.8,608.1,3.084
1844368,462.9,607.5,3.117
1844370,461.3,610.0,3.097
1844372,461.9,606.1,3.109
1844374,463.8,605.9,3.103
1844376,458.8,604.4,3.089
1844378,460.3,606.1,3.116
1844380,460.9,607.0,3.118
1844382,461.8,608.4,3.086
1844384,460.5,606.9,3.115
1844386,462.3,607.3,3.083
1844388,460.5,606.8,3.095
1844390,464.0,605.7,3.096
1844392,462.5,604.9,3.101
1844394,461.5,606.1,3.09
1844396,464.5,605.9,3.098
1844398,461.9,609.1,3.109
1844400,459.6,606.1,3.081
1844402,459.3,607.5,3.079
1844404,461.2,604.2,3.105
1844406,461.1,607.4,3.098
1844408,461.8,606.1,3.098
1844410,462.5,604.9,3.061
1844412,461.3,606.4,3.098
1844414,459.8,609.1,3.085
1844416,464.2,605.4,3.099
1844418,461.0,607.2,3.105
1844420,462.2,608.3,3.108
1844422,462.4,605.3,3.071
1844424,462.1,606.2,3.098
1844426,460.9,606.0,3.085
1844428,462.2,609.0,3.119
1844430,460.9,607.5,3.085
1844432,462.0,606.0,3.105
1844434,459.7,606.7,3.102
1844436,461.1,608.2,3.092
1844438,460.6,607.0,3.117
1844440,461.3,610.2,3.091
1844442,461.5,606.8,3.092
1844444,462.2,606.3,3.099
1844446,460.9,606.3,3.093
1844448,462.1,607.9,3.087
1844450,461.3,607.9,3.082
1844452,461.9,607.9,3.089
1844454,462.7,609.0,3.105
1844456,463.1,605.4,3.097
1844458,462.1,607.3,3.086
1844460,459.5,606.2,3.097
1844462,461.2,606.3,3.09
1844464,464.1,608.9,3.078
1844466,460.8,608.1,3.108
1844468,462.1,606.1,3.093
1844470,460.7,607.3,3.095
1844472,459.4,607.1,3.101
1844474,458.1,605.8,3.085
1844476,461.1,607.2,3.104
1844478,460.1,607.8,3.097
1844480,459.5,606.4,3.113
1844482,460.5,610.7,3.107
1844484,459.8,607.8,3.104
1844486,461.2,608.3,3.123
1844488,461.0,606.5,3.093
1844490,459.8,606.3,3.099
1844492,459.3,606.6,3.091
1844494,459.7,607.2,3.1
1844496,462.4,606.6,3.106
1844498,459.7,605.9,3.095
1844500,460.6,608.1,3.106
1844502,460.4,606.4,3.1
1844504,463.0,607.9,3.099
1844506,461.2,605.5,3.084
1844508,461.1,607.9,3.113
1844510,463.3,609.4,3.118
1844512,462.7,607.3,3.107
1844514,461.2,608.3,3.107
1844516,464.1,606.1,3.098
1844518,462.7,606.4,3.106
1844520,460.8,608.7,3.11
1844522,457.8,608.4,3.122
1844524,460.8,605.9,3.117
1844526,463.1,606.3,3.127
1844528,464.1,608.4,3.109
1844530,461.1,605.7,3.115
1844532,459.6,608.6,3.11
1844534,461.9,607.2,3.119
1844536,461.6,607.4,3.143
1844538,463.5,608.3,3.116
1844540,458.1,604.9,3.117
1844542,459.9,608.4,3.144
1844544,461.7,609.3,3.118
1844546,460.9,607.1,3.111
1844548,463.2,607.7,3.131
1844550,462.1,606.3,3.123
1844552,460.9,605.7,3.099
1844554,460.5,606.7,3.126
1844556,461.4,607.0,3.135
1844558,459.7,605.9,3.116
1844560,459.1,606.2,3.115
1844562,459.5,605.4,3.127
1844564,461.1,608.1,3.155
1844566,459.7,606.4,3.135
1844568,461.8,605.7,3.147
1844570,463.8,606.7,3.148
1844572,462.5,607.6,3.154
1844574,461.0,604.3,3.126
1844576,460.2,605.0,3.138
1844578,460.5,606.2,3.158
1844580,461.3,609.0,3.147
1844582,460.6,603.8,3.141
1844584,460.1,606.6,3.146
1844586,460.0,605.2,3.121
1844588,461.4,606.6,3.148
1844590,458.0,604.6,3.131
1844592,453.4,602.1,3.13
1844594,449.7,595.6,3.126
1844596,439.2,590.7,3.136
1844598,433.6,587.9,3.163
1844600,426.7,577.4,3.142
1844602,424.1,575.2,3.148
1844604,415.2,568.8,3.143
1844606,412.5,569.4,3.14
1844608,414.8,570.2,3.137
1844610,414.9,569.9,3.15
1844612,414.4,568.5,3.162
1844614,414.2,567.3,3.164
1844616,414.9,569.5,3.151
1844618,415.7,571.5,3.146
1844620,413.1,568.0,3.157
1844622,415.4,567.4,3.158
1844624,415.2,571.4,3.164
1844626,416.5,569.6,3.163
1844628,414.6,571.4,3.175
1844630,413.6,570.8,3.172
1844632,415.9,570.8,3.151
1844634,417.3,567.6,3.192
1844636,414.5,568.9,3.165
1844638,414.4,567.5,3.153
1844640,414.5,570.9,3.147
1844642,413.7,567.2,3.167
1844644,415.4,567.0,3.165
1844646,413.0,569.5,3.145
1844648,415.5,567.4,3.176
1844650,414.5,565.8,3.175
1844652,413.8,564.6,3.174
1844654,413.3,568.6,3.195
1844656,415.7,571.2,3.179
1844658,414.8,565.9,3.186
1844660,415.3,570.0,3.23
1844662,413.0,567.9,3.194
1844664,415.6,569.4,3.198
1844666,413.9,567.8,3.166
1844668,412.9,569.5,3.19
1844670,417.1,566.4,3.199
1844672,417.2,568.6,3.192
1844674,416.3,564.7,3.2
1844676,415.4,567.8,3.193
1844678,415.9,564.6,3.2
1844680,413.1,568.5,3.232
1844682,414.1,568.7,3.184
1844684,415.9,568.1,3.232
1844686,410.9,568.8,3.205
1844688,416.5,570.5,3.191
1844690,414.5,568.9,3.205
1844692,416.1,568.4,3.202
1844694,415.2,569.1,3.205
1844696,414.6,570.8,3.202
1844698,412.8,567.9,3.224
1844700,415.9,568.9,3.207
1844702,416.0,567.8,3.225
1844704,416.0,570.8,3.202
1844706,416.4,568.5,3.22
1844708,415.5,571.4,3.209
1844710,418.5,567.2,3.242
1844712,417.3,569.5,3.203
1844714,417.6,570.5,3.234
1844716,415.0,571.8,3.237
1844718,415.2,568.6,3.233
1844720,416.2,568.7,3.203
1844722,416.4,566.9,3.231
1844724,417.2,567.3,3.24
1844726,417.1,569.3,3.241
1844728,415.9,569.6,3.229
1844730,419.3,565.9,3.22
1844732,417.1,569.4,3.238
1844734,417.1,570.1,3.236
1844736,416.8,566.9,3.224
1844738,415.1,568.0,3.23
1844740,416.2,568.5,3.23
1844742,416.3,568.0,3.243
1844744,415.6,570.9,3.243
1844746,416.1,566.9,3.224
1844748,414.0,566.0,3.268
1844750,416.5,570.0,3.222
1844752,413.5,568.2,3.252
1844754,415.9,570.1,3.249
1844756,415.5,569.6,3.254
1844758,417.6,568.9,3.238
1844760,416.1,568.1,3.241
1844762,414.3,572.0,3.248
1844764,415.0,569.9,3.254
1844766,417.1,568.7,3.259
1844768,417.5,568.8,3.272
1844770,416.2,568.6,3.284
1844772,416.2,570.6,3.256
1844774,415.9,568.6,3.262
1844776,416.1,566.8,3.274
1844778,415.4,571.4,3.289
1844780,415.5,570.1,3.276
1844782,419.1,570.1,3.277
1844784,416.6,567.2,3.262
1844786,413.4,569.8,3.256
1844788,415.0,567.6,3.27
1844790,414.8,568.3,3.267
1844792,416.2,570.9,3.263
1844794,416.9,568.5,3.288
1844796,416.9,567.9,3.287
1844798,415.2,568.7,3.286
1844800,415.2,570.6,3.257
1844802,417.6,568.4,3.283
1844804,418.5,568.4,3.273
1844806,415.9,568.9,3.306
1844808,417.0,568.8,3.294
1844810,416.3,569.9,3.285
1844812,416.9,568.8,3.293
1844814,416.6,567.8,3.287
1844816,418.1,569.3,3.292
1844818,415.4,568.4,3.303
1844820,416.4,570.0,3.278
1844822,414.0,571.5,3.296
1844824,415.7,565.2,3.307
1844826,416.3,565.5,3.303
1844828,415.7,569.3,3.304
1844830,416.7,566.1,3.296
1844832,415.9,570.4,3.295
1844834,418.1,569.6,3.305
1844836,418.5,569.5,3.296
1844838,418.2,570.3,3.292
1844840,414.4,568.0,3.323
1844842,418.5,568.1,3.321
1844844,,,
1844846,,,
1844848,,,
1844850,,,
1844852,416.6,567.9,3.307
1844854,414.0,569.3,3.318
1844856,416.5,569.6,3.313
1844858,418.6,568.6,3.331
1844860,419.3,570.3,3.296
1844862,415.9,567.5,3.33
1844864,418.9,568.7,3.327
1844866,417.1,571.0,3.322
1844868,418.9,568.5,3.332
1844870,417.0,569.5,3.335
1844872,420.0,567.8,3.33
1844874,414.9,568.3,3.336
1844876,416.2,565.9,3.331
1844878,421.1,567.7,3.351
1844880,417.4,567.6,3.334
1844882,,,
1844884,,,
1844886,,,
1844888,,,
1844890,419.1,568.2,3.334
1844892,415.8,567.9,3.327
1844894,418.8,566.9,3.349
1844896,418.7,568.9,3.328
1844898,418.0,568.9,3.334
1844900,417.8,569.1,3.343
1844902,418.1,572.8,3.325
1844904,416.1,567.2,3.355
1844906,418.3,566.5,3.348
1844908,416.7,569.9,3.316
1844910,418.9,568.0,3.354
1844912,418.5,568.9,3.344
1844914,418.4,568.5,3.343
1844916,417.1,567.0,3.345
1844918,418.3,569.8,3.328
1844920,417.6,569.1,3.35
1844922,416.1,567.5,3.35
1844924,417.8,568.4,3.339
1844926,415.9,570.7,3.364
1844928,420.2,570.7,3.352
1844930,418.0,568.6,3.353
1844932,417.7,569.8,3.356
1844934,419.4,568.4,3.366
1844936,418.6,569.1,3.353
1844938,416.1,566.6,3.352
1844940,419.2,569.5,3.359
1844942,419.5,565.6,3.351
1844944,417.5,569.8,3.362
1844946,417.6,571.2,3.361
1844948,418.6,569.4,3.356
1844950,415.1,566.3,3.378
1844952,417.6,570.5,3.354
1844954,415.7,571.9,3.351
1844956,419.2,567.7,3.38
1844958,415.8,568.8,3.362
1844960,416.4,569.7,3.387
1844962,420.0,569.2,3.374
1844964,418.3,565.7,3.377
1844966,416.8,561.3,3.369
1844968,416.0,558.3,3.368
1844970,409.7,547.4,3.372
1844972,404.3,531.2,3.387
1844974,394.6,517.4,3.388
1844976,384.6,495.5,3.367
1844978,370.4,476.0,3.388
1844980,355.0,448.9,3.383
1844982,339.9,421.6,3.38
1844984,322.5,398.7,3.373
1844986,305.3,367.1,3.387
1844988,287.7,340.6,3.388
1844990,274.4,310.7,3.37
1844992,254.5,289.2,3.36
1844994,241.3,266.2,3.368
1844996,224.4,244.4,3.396
1844998,211.3,223.7,3.374
1845000,201.7,208.5,3.381
1845002,193.7,195.8,3.394
1845004,187.2,188.9,3.385
1845006,177.9,180.9,3.389
1845008,177.5,180.5,3.367
1845010,174.8,177.1,3.399
1845012,174.2,178.8,3.379
1845014,176.3,180.5,3.39
1845016,173.8,179.0,3.375
1845018,177.8,182.4,3.379
1845020,173.8,179.3,3.375
1845022,175.6,180.2,3.388
1845024,174.0,182.7,3.364
1845026,175.5,177.4,3.407
1845028,175.4,180.6,3.402
1845030,173.7,179.6,3.387
1845032,172.4,179.4,3.383
1845034,173.8,179.7,3.368
1845036,174.3,181.5,3.398
1845038,176.1,180.2,3.393
1845040,174.1,178.5,3.383
1845042,173.8,179.4,3.395
1845044,175.6,181.1,3.381
1845046,173.6,181.6,3.403
1845048,173.9,180.8,3.392
1845050,174.2,178.7,3.424
1845052,173.3,179.4,3.388
1845054,173.8,181.4,3.386
1845056,175.0,182.4,3.386
1845058,174.6,183.2,3.402
1845060,174.2,180.4,3.384
1845062,176.0,179.7,3.394
1845064,175.1,180.1,3.37
1845066,176.7,182.5,3.413
1845068,178.5,181.0,3.418
1845070,176.3,180.0,3.406
1845072,174.2,180.2,3.401
1845074,173.1,179.4,3.388
1845076,173.8,182.3,3.398
1845078,174.6,179.5,3.376
1845080,172.6,179.8,3.415
1845082,172.2,179.0,3.393
1845084,172.6,180.4,3.416
1845086,171.4,177.3,3.388
1845088,171.5,178.7,3.413
1845090,172.1,178.1,3.409
1845092,175.5,178.8,3.418
1845094,175.3,179.8,3.426
1845096,171.9,180.6,3.414
1845098,175.7,180.6,3.407
1845100,172.3,180.6,3.395
1845102,174.1,178.4,3.431
1845104,172.6,181.3,3.396
1845106,173.6,180.4,3.427
1845108,172.7,179.1,3.408
1845110,175.2,180.7,3.421
1845112,173.7,178.0,3.419
1845114,173.2,180.5,3.407
1845116,176.1,183.0,3.395
1845118,173.2,179.8,3.419
1845120,175.2,178.7,3.407
1845122,176.2,179.1,3.402
1845124,178.7,178.8,3.416
1845126,172.5,178.1,3.413
1845128,175.7,176.9,3.414
1845130,173.1,181.8,3.414
1845132,174.4,179.3,3.418
1845134,174.8,179.5,3.435
1845136,174.2,180.0,3.397
1845138,172.7,179.5,3.429
1845140,176.8,177.9,3.427
1845142,175.6,178.6,3.433
1845144,177.6,179.0,3.432
1845146,176.1,180.5,3.435
1845148,174.3,181.7,3.423
1845150,172.0,179.2,3.43
1845152,176.9,180.5,3.419
1845154,174.3,181.0,3.415
1845156,175.4,179.2,3.418
1845158,175.5,181.1,3.426
1845160,177.6,179.3,3.415
1845162,174.7,177.1,3.392
1845164,174.2,181.8,3.422
1845166,176.6,179.8,3.4
1845168,175.1,180.6,3.422
1845170,175.8,180.6,3.418
1845172,176.6,180.4,3.408
1845174,173.2,179.4,3.427
1845176,175.3,179.3,3.417
1845178,174.3,177.5,3.447
1845180,176.1,177.1,3.445
1845182,174.2,177.1,3.416
1845184,175.3,176.9,3.429
1845186,176.3,178.0,3.401
1845188,171.9,179.5,3.424
1845190,176.4,177.2,3.446
1845192,172.2,179.1,3.426
1845194,172.6,179.7,3.415
1845196,174.8,179.7,3.401
1845198,176.4,180.6,3.413
1845200,176.9,180.1,3.427
1845202,175.3,178.9,3.411
1845204,176.3,179.4,3.428
1845206,173.3,178.9,3.438
1845208,174.5,179.7,3.431
1845210,174.4,178.7,3.412
1845212,173.1,180.0,3.434
1845214,174.4,180.8,3.417
1845216,175.0,180.9,3.404
1845218,172.8,176.7,3.446
1845220,176.1,178.9,3.439
1845222,171.8,181.5,3.436
1845224,174.3,179.4,3.417
1845226,176.2,179.3,3.438
1845228,172.3,179.9,3.421
1845230,175.2,178.9,3.413
1845232,172.9,177.4,3.436
1845234,175.6,178.7,3.454
1845236,176.1,178.7,3.421
1845238,173.6,176.9,3.427
1845240,176.6,179.4,3.425
1845242,175.0,177.1,3.434
1845244,176.6,179.6,3.422
1845246,175.2,178.8,3.433
1845248,174.9,177.2,3.436
1845250,176.2,177.4,3.416
1845252,180.9,176.4,3.438
1845254,187.0,179.2,3.468
1845256,191.2,179.0,3.429
1845258,198.6,182.3,3.415
1845260,209.9,186.0,3.419
1845262,224.3,188.4,3.437
1845264,242.0,192.2,3.447
1845266,261.4,197.3,3.431
1845268,280.6,202.9,3.437
1845270,306.7,207.3,3.436
1845272,329.9,213.7,3.415
1845274,359.4,222.6,3.439
1845276,394.1,229.7,3.447
1845278,429.7,238.9,3.446
1845280,466.7,246.5,3.445
1845282,505.3,259.4,3.428
1845284,545.7,269.9,3.433
1845286,591.0,280.9,3.439
1845288,636.2,291.4,3.438
1845290,680.5,304.1,3.436
1845292,729.3,315.1,3.434
1845294,778.8,327.4,3.453
1845296,826.3,341.7,3.444
1845298,878.4,354.6,3.421
1845300,930.2,364.9,3.447
1845302,978.8,381.3,3.446
1845304,1029.9,395.9,3.437
1845306,1076.5,406.0,3.446
1845308,1125.8,419.1,3.437
1845310,1173.4,430.2,3.413
1845312,1219.4,445.0,3.452
1845314,1264.6,455.3,3.436
1845316,1309.6,470.0,3.444
1845318,1349.0,481.4,3.434
1845320,1390.3,490.1,3.435
1845322,1425.5,501.7,3.428
1845324,1460.2,508.3,3.455
1845326,1491.7,514.7,3.441
1845328,1524.3,524.1,3.419
1845330,1550.7,532.7,3.432
1845332,1572.0,539.1,3.446
1845334,1594.1,548.4,3.445
1845336,1614.1,549.4,3.44
1845338,1628.9,557.8,3.463
1845340,1643.9,560.2,3.442
1845342,1655.2,559.9,3.454
1845344,1662.2,566.0,3.44
1845346,1670.8,565.6,3.441
1845348,1673.0,567.5,3.444
1845350,1674.5,567.5,3.451
1845352,1677.7,570.8,3.441
1845354,1678.4,568.1,3.434
1845356,1678.2,574.1,3.452
1845358,1675.8,572.9,3.461
1845360,1676.2,570.0,3.446
1845362,1678.7,568.9,3.427
1845364,1677.1,573.6,3.456
1845366,1676.9,569.9,3.436
1845368,1677.0,570.2,3.431
1845370,1677.8,571.6,3.443
1845372,1679.4,569.5,3.454
1845374,1677.9,569.5,3.445
1845376,1676.5,574.2,3.446
1845378,1675.3,571.1,3.451
1845380,1676.3,572.7,3.447
1845382,1678.6,571.9,3.446
1845384,1678.0,570.6,3.433
1845386,1677.3,570.4,3.442
1845388,1678.2,570.7,3.436
1845390,1677.7,571.7,3.463
1845392,1679.8,572.4,3.453
1845394,1680.2,569.0,3.442
1845396,1677.1,569.9,3.438
1845398,1679.7,572.3,3.463
1845400,1678.7,572.2,3.429
1845402,1676.0,571.3,3.445
1845404,1678.9,571.5,3.46
1845406,1677.3,573.3,3.44
1845408,1680.9,569.8,3.422
1845410,1677.0,571.2,3.445
1845412,1678.8,570.6,3.434
1845414,1678.1,573.8,3.432
1845416,1680.8,569.5,3.457
1845418,1677.7,570.8,3.446
1845420,1678.4,574.3,3.436
1845422,1677.8,568.1,3.447
1845424,1679.0,571.2,3.453
1845426,1678.5,569.8,3.453
1845428,1679.1,570.8,3.462
1845430,1676.0,572.2,3.432
1845432,1675.8,572.2,3.421
1845434,1674.0,571.3,3.45
1845436,1677.7,570.6,3.445
1845438,1679.0,570.3,3.447
1845440,1676.5,570.6,3.453
1845442,1679.7,568.7,3.429
1845444,1679.7,569.8,3.455
1845446,1675.5,570.5,3.443
1845448,1678.2,571.5,3.445
1845450,1677.9,573.8,3.458
1845452,1680.1,570.7,3.452
1845454,1678.6,572.0,3.428
1845456,1675.6,572.7,3.453
1845458,1678.6,568.0,3.445
1845460,1678.8,570.9,3.46
1845462,1678.8,571.6,3.481
1845464,1678.7,570.5,3.45
1845466,1679.3,571.4,3.452
1845468,1677.9,572.0,3.463
1845470,1676.9,571.2,3.437
1845472,1676.0,572.9,3.464
1845474,1679.4,571.3,3.437
1845476,1679.7,570.6,3.446
1845478,1676.3,571.5,3.454
1845480,1679.5,572.2,3.46
1845482,1679.1,572.7,3.467
1845484,1678.0,571.3,3.439
1845486,1677.1,571.6,3.454
1845488,1675.7,571.8,3.443
1845490,1679.6,573.1,3.446
1845492,1680.9,571.3,3.469
1845494,1676.9,571.9,3.469
1845496,1679.2,575.1,3.473
1845498,1680.1,570.2,3.467
1845500,1679.4,573.8,3.463
1845502,1678.2,571.4,3.477
1845504,1678.9,571.0,3.457
1845506,1675.6,570.3,3.449
1845508,1678.8,570.3,3.462
1845510,1679.0,573.7,3.456
1845512,1677.8,571.7,3.469
1845514,1676.0,572.7,3.456
1845516,1678.2,571.0,3.463
1845518,1676.1,573.1,3.45
1845520,1677.6,573.4,3.451
1845522,1679.5,571.8,3.464
1845524,1681.0,574.6,3.449
1845526,1678.4,570.3,3.446
1845528,1677.3,571.8,3.463
1845530,1676.8,571.4,3.452
1845532,1678.6,569.5,3.455
1845534,1680.3,573.5,3.461
1845536,1679.2,573.0,3.486
1845538,1676.7,575.6,3.473
1845540,1677.7,572.9,3.468
1845542,1677.9,572.0,3.463
1845544,1676.2,571.7,3.439
1845546,1679.5,573.4,3.467
1845548,1675.9,572.1,3.467
1845550,1676.7,573.0,3.483
1845552,1679.4,570.7,3.459
1845554,1678.6,574.6,3.477
1845556,1678.8,575.2,3.456
1845558,1678.8,572.0,3.448
1845560,1680.3,571.9,3.452
1845562,1676.2,569.3,3.493
1845564,1674.7,574.9,3.446
1845566,1679.3,574.4,3.461
1845568,1676.0,574.1,3.462
1845570,1677.4,572.4,3.472
1845572,1676.8,572.8,3.484
1845574,1676.7,575.8,3.473
1845576,1680.0,575.2,3.453
1845578,1681.5,580.5,3.464
1845580,1682.0,584.2,3.458
1845582,1685.2,588.6,3.467
1845584,1691.9,598.1,3.492
1845586,1694.0,607.7,3.487
1845588,1697.9,618.7,3.483
1845590,1706.9,625.8,3.447
1845592,1708.2,636.7,3.458
1845594,1712.5,642.0,3.441
1845596,1713.3,646.4,3.484
1845598,1716.7,650.5,3.462
1845600,1713.8,652.9,3.458
1845602,1718.0,652.2,3.463
1845604,1715.4,655.4,3.47
1845606,1715.4,649.9,3.455
1845608,1713.5,653.3,3.469
1845610,1714.7,652.8,3.469
1845612,1713.2,655.0,3.464
1845614,1715.9,651.0,3.453
1845616,1716.6,651.9,3.457
1845618,1717.0,654.6,3.49
1845620,1719.5,652.8,3.459
1845622,1715.2,655.2,3.445
1845624,1716.6,651.4,3.476
1845626,1715.1,649.5,3.446
1845628,1716.5,652.2,3.467
1845630,1715.6,654.3,3.465
1845632,1716.4,650.2,3.455
1845634,1718.8,653.1,3.458
1845636,1714.7,650.7,3.481
1845638,1720.3,651.6,3.453
1845640,1719.1,650.5,3.46
1845642,1717.4,650.5,3.487
1845644,1717.4,652.6,3.444
1845646,1716.5,655.7,3.489
1845648,1714.9,652.0,3.447
1845650,1715.4,654.1,3.466
1845652,1716.0,653.9,3.453
1845654,1717.1,653.3,3.483
1845656,1716.1,650.9,3.463
1845658,1716.0,652.0,3.477
1845660,1717.9,655.0,3.489
1845662,1716.5,650.8,3.45
1845664,1716.3,650.5,3.455
1845666,1713.8,651.0,3.463
1845668,1717.0,649.9,3.458
1845670,1717.3,652.8,3.464
1845672,1716.5,651.7,3.459
1845674,1713.3,653.0,3.462
1845676,1718.0,652.0,3.477
1845678,1716.7,653.9,3.464
1845680,1718.4,653.3,3.477
1845682,1715.1,651.3,3.473
1845684,1715.5,653.0,3.446
1845686,1714.7,651.4,3.476
1845688,1715.6,651.9,3.472
1845690,1715.9,652.3,3.455
1845692,1714.9,654.2,3.484
1845694,1715.1,649.4,3.445
1845696,1715.4,653.5,3.453
1845698,1715.5,654.8,3.491
1845700,1716.1,652.4,3.486
1845702,1713.8,652.8,3.473
1845704,1712.3,652.0,3.458
1845706,1714.1,650.9,3.446
1845708,1718.0,649.7,3.465
1845710,1715.2,652.1,3.453
1845712,1716.0,653.3,3.472
1845714,1713.7,653.2,3.446
1845716,1717.8,652.2,3.449
1845718,1713.6,655.1,3.439
1845720,1717.9,648.9,3.476
1845722,1718.5,654.7,3.46
1845724,1716.8,654.7,3.481
1845726,1714.5,653.4,3.458
1845728,1716.9,652.4,3.463
1845730,1717.5,654.9,3.459
1845732,1715.5,653.4,3.469
1845734,1716.7,653.7,3.48
1845736,1713.7,651.7,3.463
1845738,1713.4,652.7,3.439
1845740,1716.3,652.6,3.437
1845742,1715.0,654.3,3.469
1845744,1714.1,654.1,3.477
1845746,1714.3,654.2,3.466
1845748,1717.6,651.7,3.45
1845750,1716.4,653.3,3.473
1845752,1715.5,654.0,3.463
1845754,1714.5,649.3,3.474
1845756,1715.5,652.7,3.478
1845758,1715.9,653.9,3.456
1845760,1715.7,654.4,3.467
1845762,1712.7,655.0,3.471
1845764,1716.8,653.9,3.449
1845766,1716.2,653.6,3.436
1845768,1715.9,654.3,3.451
1845770,1715.1,653.8,3.478
1845772,1716.3,653.8,3.463
1845774,1716.0,654.0,3.456
1845776,1715.7,653.7,3.448
1845778,1715.1,655.4,3.447
1845780,1716.0,655.2,3.433
1845782,1716.3,655.2,3.461
1845784,1715.1,658.1,3.43
1845786,1714.6,659.7,3.426
1845788,1714.8,662.9,3.377
1845790,1715.0,668.2,3.324
1845792,1717.2,672.4,3.271
1845794,1716.9,679.5,3.23
1845796,1717.4,686.3,3.173
1845798,1716.5,692.3,3.098
1845800,1716.8,700.9,3.03
1845802,1716.4,708.4,2.935
1845804,1715.3,719.0,2.837
1845806,1715.5,731.9,2.73
1845808,1715.9,747.0,2.625
1845810,1715.4,757.1,2.522
1845812,1716.1,768.0,2.401
1845814,1715.2,785.5,2.244
1845816,1715.7,799.0,2.119
1845818,1714.9,818.1,1.965
1845820,,,
1845822,,,
1845824,,,
1845826,,,
1845828,,,
1845830,,,
1845832,,,
1845834,,,
1845836,,,
1845838,,,
1845840,,,
1845842,,,
1845844,,,
1845846,,,
1845848,,,
1845850,,,
1845852,,,
1845854,,,
1845856,,,
1845858,,,
1845860,,,
1845862,,,
1845864,,,
1845866,,,
1845868,,,
1845870,,,
1845872,,,
1845874,,,
1845876,,,
1845878,,,
1845880,,,
1845882,,,
1845884,,,
1845886,,,
1845888,,,
1845890,,,
1845892,,,
1845894,,,
1845896,,,
1845898,,,
1845900,,,
1845902,,,
1845904,,,
1845906,,,
1845908,,,
1845910,,,
1845912,,,
1845914,,,
1845916,,,
1845918,,,
1845920,,,
1845922,,,
1845924,,,
1845926,,,
1845928,,,
1845930,,,
1845932,,,
1845934,,,
1845936,,,
1845938,,,
1845940,,,
1845942,,,
1845944,,,
1845946,,,
1845948,,,
1845950,,,
1845952,,,
1845954,,,
1845956,,,
1845958,,,
1845960,,,
1845962,,,
1845964,,,
1845966,,,
1845968,,,
1845970,,,
1845972,,,
1845974,,,
1845976,,,
1845978,,,
1845980,,,
1845982,,,
1845984,,,
1845986,,,
1845988,,,
1845990,,,
1845992,,,
1845994,,,
1845996,,,
1845998,,,
1846000,,,
1846002,,,
1846004,,,
1846006,,,
1846008,,,
1846010,,,
1846012,,,
1846014,,,
1846016,,,
1846018,1717.5,770.2,2.268
1846020,1717.2,761.6,2.341
1846022,1714.9,758.5,2.39
1846024,1715.9,748.6,2.455
1846026,1716.3,743.4,2.523
1846028,1717.3,736.5,2.563
1846030,1717.7,731.9,2.627
1846032,1714.1,725.8,2.683
1846034,1717.3,718.8,2.742
1846036,1716.9,712.8,2.806
1846038,1713.0,711.4,2.839
1846040,1715.0,705.1,2.889
1846042,1717.8,700.2,2.919
1846044,1716.3,696.1,2.978
1846046,1714.9,693.5,3.01
1846048,1719.1,689.7,3.052
1846050,1716.9,682.1,3.1
1846052,1715.9,681.6,3.138
1846054,1715.7,678.9,3.168
1846056,1714.5,673.9,3.191
1846058,1716.7,673.2,3.219
1846060,1715.7,668.6,3.243
1846062,1713.1,666.1,3.27
1846064,1717.5,664.9,3.304
1846066,1718.3,661.9,3.323
1846068,1715.5,660.9,3.358
1846070,1715.9,657.7,3.348
1846072,1719.7,659.3,3.391
1846074,1717.1,654.0,3.388
1846076,1717.9,654.3,3.401
1846078,1715.2,652.4,3.406
1846080,1716.5,650.9,3.439
1846082,1716.5,651.5,3.423
1846084,1717.3,650.0,3.426
1846086,1718.8,648.2,3.441
1846088,1715.9,649.0,3.417
1846090,1716.1,649.4,3.42
1846092,1714.9,651.2,3.444
1846094,1716.4,649.8,3.432
1846096,1715.6,651.4,3.429
1846098,1716.3,649.6,3.414
1846100,1716.2,650.0,3.448
1846102,1715.8,649.2,3.442
1846104,1716.5,645.3,3.435
1846106,1712.7,642.6,3.475
1846108,1711.0,637.2,3.427
1846110,1704.0,629.9,3.427
1846112,1690.2,625.1,3.396
1846114,1672.4,621.7,3.431
1846116,1648.5,617.1,3.43
1846118,1623.8,615.0,3.425
1846120,1596.7,610.2,3.435
1846122,1563.5,609.5,3.414
1846124,1530.0,605.7,3.444
1846126,1492.1,603.6,3.425
1846128,1452.7,603.3,3.432
1846130,1413.7,604.1,3.444
1846132,1378.3,606.1,3.416
1846134,1341.8,606.4,3.437
1846136,1309.4,607.6,3.434
1846138,1280.0,613.0,3.444
1846140,1253.2,612.2,3.429
1846142,1233.3,618.5,3.438
1846144,1216.3,621.1,3.448
1846146,1204.6,625.9,3.414
1846148,1195.4,630.7,3.439
1846150,1190.8,635.7,3.421
1846152,1186.7,641.2,3.452
1846154,1188.5,646.5,3.45
1846156,1188.9,644.9,3.418
1846158,1188.5,648.2,3.417
1846160,1187.2,645.1,3.442
1846162,1188.5,647.4,3.449
1846164,1187.8,647.4,3.436
1846166,1188.5,646.3,3.433
1846168,1187.0,646.7,3.426
1846170,1189.8,646.2,3.452
1846172,1183.5,645.9,3.443
1846174,1185.1,645.7,3.429
1846176,1189.8,646.3,3.432
1846178,1187.1,645.7,3.434
1846180,1185.8,646.5,3.44
1846182,1188.4,647.5,3.437
1846184,1186.8,645.9,3.427
1846186,1188.2,645.0,3.453
1846188,1185.4,643.7,3.45
1846190,1188.6,645.8,3.445
1846192,1186.4,647.4,3.451
1846194,1187.2,646.6,3.459
1846196,1186.4,646.7,3.421
1846198,1185.7,647.9,3.451
1846200,1188.4,646.8,3.439
1846202,1186.3,646.1,3.446
1846204,1187.7,647.9,3.436
1846206,1186.2,646.8,3.452
1846208,1187.6,645.9,3.447
1846210,1185.1,647.8,3.437
1846212,1188.3,644.8,3.446
1846214,1185.2,647.9,3.445
1846216,1187.4,643.9,3.447
1846218,1187.1,644.3,3.433
1846220,1189.5,647.4,3.44
1846222,1186.5,644.2,3.44
1846224,1188.2,646.7,3.465
1846226,1186.4,646.2,3.452
1846228,1187.0,647.2,3.458
1846230,1189.0,647.4,3.447
1846232,1189.0,649.2,3.441
1846234,1190.1,645.6,3.47
1846236,1189.4,647.3,3.444
1846238,1187.6,646.4,3.432
1846240,1188.3,648.8,3.449
1846242,1186.6,645.8,3.448
1846244,1186.6,645.3,3.435
1846246,1186.9,647.2,3.446
1846248,1186.7,646.5,3.448
1846250,1184.8,646.3,3.446
1846252,1186.5,646.3,3.416
1846254,1187.9,646.7,3.449
1846256,1189.2,649.6,3.429
1846258,1187.3,647.7,3.445
1846260,1187.0,646.2,3.449
1846262,1187.6,647.0,3.464
1846264,1187.7,647.9,3.461
1846266,1186.5,647.9,3.439
1846268,1186.8,647.3,3.442
1846270,1186.1,645.7,3.441
1846272,1187.1,647.5,3.462
1846274,1188.5,645.6,3.47
1846276,1189.0,646.5,3.432
1846278,1187.7,647.8,3.471
1846280,1187.5,646.2,3.444
1846282,1186.5,649.9,3.466
1846284,1184.6,646.8,3.449
1846286,1185.7,646.7,3.445
1846288,1188.6,646.7,3.445
1846290,1185.0,647.6,3.468
1846292,1186.1,648.4,3.441
1846294,1185.3,645.8,3.434
1846296,1187.9,645.5,3.455
1846298,1186.0,648.6,3.459
1846300,1185.1,645.2,3.45
1846302,1185.4,645.5,3.482
1846304,1186.9,646.5,3.451
1846306,1188.7,646.5,3.462
1846308,1185.3,643.9,3.441
1846310,1185.5,648.2,3.446
1846312,1187.9,647.3,3.458
1846314,1186.0,647.9,3.445
1846316,1185.4,646.2,3.452
1846318,1189.1,646.1,3.456
1846320,1184.0,646.8,3.456
1846322,1186.5,646.2,3.446
1846324,1185.7,647.3,3.444
1846326,1187.3,646.8,3.443
1846328,1184.4,644.9,3.452
1846330,1186.4,648.6,3.463
1846332,1185.3,644.4,3.459
1846334,1186.4,646.9,3.47
1846336,1185.7,647.3,3.463
1846338,1186.8,646.0,3.455
1846340,1185.5,644.9,3.468
1846342,1188.9,646.8,3.444
1846344,1187.1,647.3,3.464
1846346,1188.0,647.1,3.463
1846348,1184.9,647.1,3.481
1846350,1188.1,645.1,3.461
1846352,1185.4,646.5,3.486
1846354,1187.0,647.3,3.47
1846356,1185.7,644.8,3.448
1846358,1185.8,647.4,3.464
1846360,1188.5,647.5,3.469
1846362,1190.2,646.8,3.471
1846364,1185.4,647.3,3.457
1846366,1187.3,645.9,3.472
1846368,1185.4,646.5,3.469
1846370,1185.7,644.9,3.471
1846372,1188.6,644.9,3.462
1846374,1187.8,646.2,3.467
1846376,1186.0,644.5,3.479
1846378,1186.1,648.8,3.454
1846380,1186.7,646.4,3.489
1846382,1186.9,646.2,3.464
1846384,1187.5,646.6,3.492
1846386,1188.1,646.2,3.486
1846388,1189.3,647.2,3.491
1846390,1187.9,646.7,3.469
1846392,1187.7,645.4,3.463
1846394,1188.3,643.5,3.484
1846396,1185.0,647.4,3.467
1846398,1185.5,643.9,3.481
1846400,1185.6,647.7,3.492
1846402,1188.1,647.9,3.467
1846404,1188.0,642.4,3.502
1846406,1187.5,648.0,3.454
1846408,1187.8,647.9,3.485
1846410,1188.1,645.4,3.47
1846412,1187.4,649.1,3.466
1846414,1187.8,646.4,3.468
1846416,1188.6,648.6,3.485
1846418,1186.7,648.6,3.485
1846420,1184.8,645.2,3.488
1846422,1189.5,647.2,3.489
1846424,1191.1,646.8,3.471
1846426,1186.2,647.9,3.468
1846428,1187.5,648.3,3.512
1846430,1186.7,645.5,3.487
1846432,1187.7,648.1,3.497
1846434,1183.3,647.2,3.493
1846436,1190.0,647.4,3.466
1846438,1186.9,647.0,3.496
1846440,1186.9,643.7,3.477
1846442,1189.4,649.3,3.487
1846444,1187.2,647.4,3.476
1846446,1188.0,647.3,3.488
1846448,1188.9,646.2,3.486
1846450,1187.2,648.8,3.494
1846452,1186.0,644.9,3.488
1846454,1188.6,648.3,3.489
1846456,1186.6,646.4,3.466
1846458,1190.0,647.3,3.489
1846460,1187.7,647.3,3.503
1846462,1186.8,646.6,3.477
1846464,1189.1,643.9,3.494
1846466,1189.0,644.4,3.527
1846468,1187.3,645.4,3.493
1846470,1187.5,647.5,3.494
1846472,1186.6,646.5,3.5
1846474,1188.2,646.6,3.489
1846476,1186.8,649.2,3.511
1846478,1186.7,645.3,3.503
1846480,1187.7,648.9,3.481
1846482,1185.4,643.2,3.506
1846484,1187.3,648.4,3.501
1846486,1185.9,648.8,3.506
1846488,1188.5,648.3,3.487
1846490,1187.4,649.4,3.492
1846492,1187.9,646.5,3.488
1846494,1185.4,645.1,3.505
1846496,1184.9,647.8,3.498
1846498,1188.3,645.8,3.504
1846500,1187.9,646.2,3.504
1846502,1186.9,645.6,3.514
1846504,1185.3,642.6,3.502
1846506,1185.4,646.5,3.493
1846508,1187.4,646.2,3.503
1846510,1184.9,645.7,3.489
1846512,1189.0,645.8,3.517
1846514,1186.1,647.1,3.49
1846516,1187.9,646.6,3.506
1846518,1186.9,646.8,3.51
1846520,1186.2,645.5,3.518
1846522,1186.2,646.5,3.488
1846524,1185.5,645.3,3.5
1846526,1187.4,648.4,3.504
1846528,1185.3,645.5,3.497
1846530,1186.3,646.2,3.516
1846532,1186.5,644.9,3.52
1846534,1185.4,645.2,3.515
1846536,1186.9,645.5,3.509
1846538,1187.6,645.5,3.528
1846540,1186.9,646.7,3.503
1846542,1187.5,645.3,3.522
1846544,1186.6,646.3,3.512
1846546,1185.6,646.5,3.5
1846548,1184.5,646.0,3.523
1846550,1184.8,649.0,3.511
1846552,1185.7,645.3,3.499
1846554,1185.9,645.3,3.527
1846556,1186.7,646.9,3.499
1846558,1184.8,646.4,3.518
1846560,1187.9,645.0,3.52
1846562,1185.5,647.7,3.502
1846564,1187.0,646.0,3.518
1846566,1187.3,644.4,3.522
1846568,1185.4,644.4,3.525
1846570,1187.4,645.8,3.528
1846572,1186.1,646.2,3.546
1846574,1187.8,645.4,3.53
1846576,1187.0,647.7,3.508
1846578,1187.3,644.6,3.53
1846580,1185.9,646.9,3.542
1846582,1187.9,648.2,3.513
1846584,1186.5,651.1,3.537
1846586,1187.1,649.7,3.533
1846588,1187.3,648.9,3.532
1846590,1187.1,648.5,3.54
1846592,1186.6,648.4,3.506
1846594,1186.4,646.3,3.536
1846596,1185.5,648.5,3.524
1846598,1185.0,650.2,3.526
1846600,1186.9,647.5,3.535
1846602,1187.2,646.1,3.528
1846604,1185.9,647.6,3.518
1846606,1187.8,648.2,3.529
1846608,1185.2,647.2,3.569
1846610,1184.6,647.2,3.522
1846612,1185.6,646.8,3.522
1846614,1187.2,647.0,3.51
1846616,1186.2,645.3,3.511
1846618,1186.6,650.1,3.55
1846620,1184.9,646.5,3.536
1846622,1187.6,649.4,3.53
1846624,1183.2,647.6,3.539
1846626,1184.3,648.7,3.552
1846628,1185.0,646.9,3.528
1846630,1186.1,648.4,3.543
1846632,1186.4,651.0,3.535
1846634,1184.8,647.4,3.515
1846636,1186.0,647.5,3.518
1846638,1186.1,649.2,3.531
1846640,1184.8,646.1,3.553
1846642,1185.0,646.2,3.544
1846644,1187.9,648.5,3.546
1846646,1184.8,647.7,3.535
1846648,1187.1,648.8,3.531
1846650,1184.3,643.6,3.518
1846652,1184.1,645.2,3.538
1846654,1186.0,646.9,3.544
1846656,1190.0,645.4,3.557
1846658,1186.4,648.2,3.531
1846660,1186.9,650.0,3.521
1846662,1187.6,648.1,3.555
1846664,1186.1,647.9,3.549
1846666,1187.6,645.9,3.55
1846668,1187.1,649.9,3.537
1846670,1186.3,647.0,3.55
1846672,1185.8,648.6,3.55
1846674,1188.6,649.6,3.572
1846676,1186.4,646.9,3.538
1846678,1186.7,649.9,3.546
1846680,1188.5,649.8,3.526
1846682,1187.6,647.3,3.52
1846684,1185.2,648.2,3.547
1846686,1188.4,646.9,3.552
1846688,1194.8,647.8,3.547
1846690,1194.7,643.8,3.549
1846692,1201.8,632.6,3.55
1846694,1205.7,621.4,3.531
1846696,1208.5,608.4,3.571
1846698,1210.2,588.9,3.531
1846700,1213.4,569.1,3.538
1846702,1213.2,548.4,3.534
1846704,1217.8,526.0,3.526
1846706,1217.7,510.5,3.546
1846708,1218.5,491.1,3.541
1846710,1216.5,474.9,3.527
1846712,1214.9,464.7,3.557
1846714,1214.9,454.1,3.527
1846716,1212.2,451.4,3.548
1846718,1207.1,448.9,3.545
1846720,1205.0,448.8,3.562
1846722,1203.9,449.0,3.548
1846724,1202.6,447.2,3.549
1846726,1204.7,446.5,3.544
1846728,1203.6,449.1,3.556
1846730,1205.4,451.0,3.548
1846732,1205.2,445.9,3.551
1846734,1201.2,446.5,3.545
1846736,1203.8,445.9,3.556
1846738,1203.3,446.4,3.541
1846740,1203.9,448.5,3.526
1846742,1206.3,446.6,3.563
1846744,1205.0,448.7,3.549
1846746,1203.8,446.7,3.546
1846748,1206.8,447.6,3.557
1846750,1204.2,447.7,3.533
1846752,1204.3,447.4,3.568
1846754,1205.8,448.1,3.559
1846756,1205.5,445.6,3.581
1846758,1206.3,446.1,3.565
1846760,1206.1,448.3,3.542
1846762,1204.3,446.0,3.587
1846764,1203.4,445.5,3.557
1846766,1202.6,446.1,3.545
1846768,1206.2,446.1,3.549
1846770,1206.4,447.4,3.548
1846772,1202.8,445.6,3.558
1846774,1201.6,447.1,3.565
1846776,1203.8,447.1,3.548
1846778,1203.5,444.6,3.565
1846780,1205.2,447.0,3.56
1846782,1204.0,448.4,3.563
1846784,1204.3,444.4,3.569
1846786,1203.1,446.9,3.553
1846788,1202.7,446.0,3.563
1846790,1204.9,444.6,3.576
1846792,1206.0,447.5,3.551
1846794,1202.0,448.0,3.566
1846796,1203.5,446.2,3.572
1846798,1203.6,447.6,3.574
1846800,1201.9,447.7,3.583
1846802,1203.8,447.0,3.573
1846804,,,
1846806,,,
1846808,,,
1846810,,,
1846812,1203.3,446.8,3.557
1846814,1204.3,450.2,3.565
1846816,1205.0,446.0,3.547
1846818,1204.8,449.5,3.55
1846820,1204.7,448.6,3.574
1846822,1204.6,447.1,3.578
1846824,1205.1,446.2,3.579
1846826,1204.5,447.2,3.564
1846828,1205.3,446.9,3.559
1846830,1201.4,446.4,3.574
1846832,1205.1,446.0,3.559
1846834,1202.5,449.2,3.558
1846836,1203.7,448.4,3.568
1846838,1204.4,445.5,3.575
1846840,1201.4,447.4,3.582
1846842,1204.9,446.7,3.57
1846844,1201.9,447.7,3.577
1846846,1202.6,446.6,3.573
1846848,1202.2,444.6,3.558
1846850,1202.8,446.0,3.561
1846852,1204.7,446.7,3.578
1846854,1201.5,448.6,3.581
1846856,1206.3,446.2,3.566
1846858,1205.2,448.1,3.563
1846860,1200.9,446.4,3.573
1846862,1202.9,448.7,3.543
1846864,1204.7,446.8,3.562
1846866,1202.0,446.4,3.568
1846868,1200.2,449.0,3.578
1846870,1202.2,448.1,3.578
1846872,1203.3,451.4,3.563
1846874,1205.0,453.7,3.574
1846876,1211.3,457.9,3.574
1846878,1218.3,466.0,3.564
1846880,1231.4,471.4,3.553
1846882,1245.9,484.9,3.571
1846884,1263.5,498.2,3.575
1846886,1283.0,513.6,3.598
1846888,1310.6,530.7,3.58
1846890,1336.1,549.0,3.561
1846892,1365.9,569.1,3.588
1846894,1399.0,593.0,3.548
1846896,1431.7,613.8,3.574
1846898,1467.0,638.8,3.572
1846900,1506.1,662.0,3.568
1846902,1542.8,685.9,3.571
1846904,1576.1,709.6,3.568
1846906,1608.3,732.1,3.578
1846908,1643.9,751.1,3.557
1846910,1674.0,771.7,3.564
1846912,1704.2,791.0,3.558
1846914,1728.2,807.7,3.564
1846916,1751.5,820.4,3.553
1846918,1768.3,833.3,3.564
1846920,1786.3,843.2,3.579
1846922,1797.1,848.4,3.551
1846924,1806.4,852.6,3.567
1846926,1814.0,854.7,3.572
1846928,1819.0,859.2,3.574
1846930,1818.2,858.6,3.57
1846932,1818.4,858.2,3.581
1846934,1820.2,860.8,3.56
1846936,1816.5,859.4,3.571
1846938,1820.0,858.7,3.585
1846940,1821.6,856.5,3.576
1846942,1821.0,856.7,3.58
1846944,1819.2,858.4,3.563
1846946,1819.6,856.9,3.585
1846948,1820.5,858.3,3.573
1846950,1817.8,857.7,3.581
1846952,1819.6,856.7,3.557
1846954,1819.3,858.0,3.568
1846956,1818.0,856.1,3.58
1846958,1819.1,858.4,3.559
1846960,1816.6,858.7,3.561
1846962,1820.6,859.8,3.541
1846964,1818.6,859.7,3.579
1846966,1820.9,858.8,3.561
1846968,1820.1,856.5,3.564
1846970,1818.6,857.3,3.588
1846972,1819.0,857.7,3.576
1846974,1820.8,856.2,3.57
1846976,1819.0,854.2,3.587
1846978,1820.0,855.2,3.567
1846980,1819.0,856.5,3.581
1846982,1818.8,860.8,3.555
1846984,1820.8,857.5,3.545
1846986,1820.4,859.5,3.588
1846988,1819.0,857.4,3.572
1846990,1817.8,857.8,3.565
1846992,1814.9,855.6,3.575
1846994,1819.2,857.4,3.561
1846996,1818.4,857.4,3.568
1846998,1816.0,860.2,3.578
1847000,1819.7,858.8,3.564
1847002,1819.4,855.5,3.564
1847004,1817.5,859.3,3.575
1847006,1819.9,859.7,3.584
1847008,1820.4,857.1,3.566
1847010,1818.6,856.5,3.556
1847012,1820.8,861.3,3.584
1847014,1821.1,856.1,3.557
1847016,1817.7,860.7,3.567
1847018,1819.3,857.1,3.557
1847020,1817.9,856.7,3.561
1847022,1819.1,858.4,3.564
1847024,1819.4,859.0,3.582
1847026,1819.6,857.1,3.574
1847028,1816.6,856.2,3.565
1847030,1819.4,860.1,3.55
1847032,1819.1,857.4,3.582
1847034,1818.7,857.0,3.58
1847036,1819.2,857.8,3.586
1847038,1817.1,857.0,3.563
1847040,1816.7,857.7,3.562
1847042,1820.2,856.9,3.57
1847044,1819.4,858.3,3.573
1847046,1819.8,858.9,3.567
1847048,1819.2,858.0,3.561
1847050,1820.2,858.9,3.565
1847052,1820.3,859.9,3.535
1847054,1821.0,857.6,3.558
1847056,1819.2,858.6,3.564
1847058,1820.9,858.0,3.545
1847060,1818.7,855.9,3.583
1847062,1819.9,856.4,3.563
1847064,1820.2,859.3,3.552
1847066,1817.7,856.4,3.565
1847068,1818.3,856.7,3.554
1847070,1818.7,858.2,3.568
1847072,1820.4,856.6,3.553
1847074,1821.1,858.9,3.55
1847076,1820.2,858.1,3.554
1847078,1820.6,856.4,3.546
1847080,1819.7,855.4,3.571
1847082,1819.8,856.9,3.542
1847084,1819.4,857.7,3.556
1847086,1820.9,858.2,3.55
1847088,1819.7,855.5,3.571
1847090,1819.4,860.9,3.562
1847092,1821.2,857.4,3.572
1847094,1819.6,856.5,3.563
1847096,1821.0,856.3,3.541
1847098,1822.2,856.5,3.562
1847100,1816.5,858.5,3.564
1847102,1819.6,856.0,3.545
1847104,1820.6,856.6,3.551
1847106,1821.1,858.6,3.56
1847108,1819.7,855.5,3.543
1847110,1817.9,856.3,3.584
1847112,1818.7,854.9,3.571
1847114,1820.2,857.7,3.569
1847116,1821.9,856.6,3.563
1847118,1821.5,858.2,3.556
1847120,1820.4,858.7,3.566
1847122,1818.3,859.6,3.54
1847124,1816.8,857.2,3.562
1847126,1819.8,858.8,3.536
1847128,1821.2,858.1,3.544
1847130,1818.3,857.5,3.557
1847132,1821.0,858.4,3.551
1847134,1820.6,857.9,3.555
1847136,1821.7,856.5,3.558
1847138,1819.5,857.0,3.558
1847140,1819.1,854.7,3.536
1847142,1821.8,857.5,3.513
1847144,1819.2,859.7,3.563
1847146,1821.8,859.0,3.549
1847148,1820.0,859.3,3.56
1847150,1820.4,860.6,3.537
1847152,1819.5,858.3,3.562
1847154,1818.3,858.6,3.522
1847156,1821.5,859.1,3.551
1847158,1821.1,857.1,3.546
1847160,1819.5,857.3,3.557
1847162,1820.6,859.8,3.555
1847164,1821.3,858.9,3.536
1847166,1821.7,858.3,3.549
1847168,1818.8,861.3,3.546
1847170,1820.5,861.8,3.558
1847172,1822.8,860.6,3.559
1847174,1819.6,857.9,3.553
1847176,1820.5,858.5,3.541
1847178,1821.0,857.9,3.571
1847180,1818.9,855.3,3.527
1847182,1822.8,859.8,3.544
1847184,1822.3,858.0,3.573
1847186,1820.4,858.2,3.559
1847188,1821.7,856.7,3.541
1847190,1821.1,857.8,3.571
1847192,1820.1,857.4,3.525
1847194,1820.1,857.6,3.551
1847196,1820.7,857.1,3.536
1847198,1820.8,859.2,3.557
1847200,1820.4,859.3,3.543
1847202,1821.7,860.1,3.56
1847204,1821.4,858.0,3.547
1847206,1821.8,859.9,3.54
1847208,1820.6,864.8,3.571
1847210,1817.4,870.2,3.524
1847212,1817.4,873.7,3.548
1847214,1813.9,879.5,3.539
1847216,1809.0,885.5,3.531
1847218,1798.4,887.1,3.531
1847220,1789.4,891.2,3.555
1847222,1776.9,890.8,3.538
1847224,1758.6,891.9,3.518
1847226,1742.2,896.2,3.547
1847228,1720.3,893.1,3.551
1847230,1697.9,893.6,3.532
1847232,1671.8,896.2,3.54
1847234,1640.0,897.6,3.552
1847236,1605.4,892.4,3.52
1847238,1572.2,887.5,3.539
1847240,1534.8,889.0,3.541
1847242,1493.3,882.7,3.534
1847244,1452.0,880.7,3.51
1847246,1408.6,874.3,3.544
1847248,1361.5,866.8,3.53
1847250,1315.8,862.1,3.552
1847252,1269.1,856.3,3.545
1847254,1218.6,848.5,3.524
1847256,1172.9,842.4,3.537
1847258,1121.7,834.4,3.519
1847260,1068.2,823.5,3.537
1847262,1022.3,818.1,3.511
1847264,972.3,810.6,3.54
1847266,923.7,801.4,3.54
1847268,880.1,793.8,3.531
1847270,835.7,783.0,3.556
1847272,789.6,776.1,3.521
1847274,749.4,766.9,3.54
1847276,710.6,757.1,3.532
1847278,672.9,748.2,3.535
1847280,635.6,741.3,3.545
1847282,607.7,730.5,3.519
1847284,579.6,724.1,3.524
1847286,552.7,717.4,3.52
1847288,526.9,707.9,3.525
1847290,508.2,702.6,3.512
1847292,491.7,695.1,3.524
1847294,477.0,686.8,3.548
1847296,465.2,683.3,3.526
1847298,456.7,675.5,3.522
1847300,451.1,669.7,3.537
1847302,446.9,665.3,3.522
1847304,447.8,656.9,3.533
1847306,441.5,654.8,3.532
1847308,446.1,647.3,3.513
1847310,444.2,640.9,3.521
1847312,445.6,641.8,3.535
1847314,444.7,644.1,3.492
1847316,444.7,646.7,3.539
1847318,445.8,642.8,3.513
1847320,443.8,642.6,3.521
1847322,441.3,645.0,3.51
1847324,444.7,641.1,3.522
1847326,445.1,642.0,3.527
1847328,445.2,644.7,3.509
1847330,443.1,644.4,3.501
1847332,442.4,639.8,3.517
1847334,446.4,641.6,3.492
1847336,444.9,641.9,3.535
1847338,442.9,645.0,3.505
1847340,444.7,643.8,3.511
1847342,444.6,643.4,3.506
1847344,445.9,645.0,3.516
1847346,445.9,642.8,3.509
1847348,445.1,642.7,3.506
1847350,444.0,641.7,3.519
1847352,443.0,646.0,3.508
1847354,444.6,643.2,3.512
1847356,445.1,642.5,3.505
1847358,446.4,642.8,3.516
1847360,443.7,641.8,3.495
1847362,447.2,643.0,3.526
1847364,445.6,642.9,3.509
1847366,443.5,644.2,3.508
1847368,442.8,644.6,3.497
1847370,444.0,642.1,3.524
1847372,446.5,642.2,3.509
1847374,443.4,644.9,3.494
1847376,443.7,643.7,3.504
1847378,446.2,642.7,3.524
1847380,446.0,643.3,3.511
1847382,443.5,646.9,3.497
1847384,445.2,643.1,3.498
1847386,446.0,642.6,3.507
1847388,444.1,643.6,3.493
1847390,445.8,643.4,3.488
1847392,444.7,643.8,3.507
1847394,447.9,643.7,3.497
1847396,443.8,644.7,3.493
1847398,444.3,645.4,3.498
1847400,443.4,646.0,3.503
1847402,445.0,643.7,3.504
1847404,446.5,644.0,3.51
1847406,444.8,643.2,3.496
1847408,444.7,642.2,3.504
1847410,445.3,644.9,3.469
1847412,445.4,645.4,3.495
1847414,443.9,647.1,3.497
1847416,446.9,643.4,3.482
1847418,443.8,641.5,3.496
1847420,441.1,645.0,3.488
1847422,444.7,645.7,3.488
1847424,444.0,642.6,3.499
1847426,444.5,642.5,3.488
1847428,444.1,644.7,3.491
1847430,441.3,642.6,3.489
1847432,443.9,642.8,3.488
1847434,441.6,643.8,3.509
1847436,443.6,642.5,3.494
1847438,441.4,642.7,3.479
1847440,443.5,642.1,3.49
1847442,443.6,645.7,3.489
1847444,443.3,644.5,3.479
1847446,443.1,641.3,3.496
1847448,445.4,642.5,3.488
1847450,442.8,643.5,3.474
1847452,443.9,644.6,3.475
1847454,443.8,642.2,3.469
1847456,442.7,643.6,3.49
1847458,442.4,642.2,3.483
1847460,441.5,643.2,3.491
1847462,443.6,642.6,3.479
1847464,441.8,640.1,3.467
1847466,445.9,643.2,3.491
1847468,443.0,642.1,3.476
1847470,445.1,641.2,3.481
1847472,443.5,644.5,3.47
1847474,447.9,646.9,3.477
1847476,442.0,642.8,3.456
1847478,443.8,641.1,3.479
1847480,443.6,641.1,3.47
1847482,443.3,642.2,3.467
1847484,442.4,642.0,3.485
1847486,444.4,643.0,3.492
1847488,444.5,641.5,3.454
1847490,445.0,641.2,3.479
1847492,445.8,643.6,3.479
1847494,445.0,643.6,3.486
1847496,443.9,643.3,3.465
1847498,444.8,644.6,3.468
1847500,444.2,643.1,3.459
1847502,443.8,643.7,3.475
1847504,446.5,640.4,3.471
1847506,443.3,642.7,3.45
1847508,443.4,644.4,3.453
1847510,446.4,642.7,3.461
1847512,443.7,645.0,3.462
1847514,443.7,642.8,3.455
1847516,442.9,642.6,3.473
1847518,447.4,645.2,3.436
1847520,444.3,646.5,3.469
1847522,441.0,643.0,3.457
1847524,443.8,643.7,3.491
1847526,444.8,643.4,3.451
1847528,444.7,644.3,3.45
1847530,447.1,644.8,3.479
1847532,444.8,643.1,3.46
1847534,446.7,641.5,3.461
1847536,444.1,643.1,3.489
1847538,448.3,640.8,3.465
1847540,445.1,644.1,3.452
1847542,441.9,642.7,3.452
1847544,446.4,644.4,3.466
1847546,442.7,644.0,3.466
1847548,445.8,641.4,3.443
1847550,443.8,642.8,3.449
1847552,445.2,643.7,3.475
1847554,442.5,643.1,3.458
1847556,444.7,642.3,3.454
1847558,445.8,644.4,3.443
1847560,445.5,643.8,3.436
1847562,445.0,642.0,3.455
1847564,445.2,643.9,3.451
1847566,444.2,642.0,3.424
1847568,446.8,645.4,3.448
1847570,444.6,643.3,3.468
1847572,445.4,646.7,3.437
1847574,447.6,644.5,3.467
1847576,445.9,642.0,3.451
1847578,443.7,643.5,3.446
1847580,446.6,646.1,3.489
1847582,445.0,643.8,3.467
1847584,441.2,646.7,3.464
1847586,444.9,643.0,3.433
1847588,445.0,645.4,3.455
1847590,444.3,644.6,3.457
1847592,444.9,643.8,3.461
1847594,445.6,643.8,3.447
1847596,443.9,643.3,3.462
1847598,444.7,645.0,3.449
1847600,447.9,643.3,3.433
1847602,445.4,645.7,3.456
1847604,446.2,641.9,3.436
1847606,448.3,643.0,3.433
1847608,446.0,645.1,3.443
1847610,447.6,644.1,3.455
1847612,445.2,642.3,3.435
1847614,446.1,640.9,3.46
1847616,447.2,645.2,3.438
1847618,445.0,644.2,3.459
1847620,446.0,641.4,3.434
1847622,440.0,640.5,3.433
1847624,440.0,637.3,3.421
1847626,432.0,629.6,3.431
1847628,425.4,622.7,3.463
1847630,419.5,615.4,3.436
1847632,414.0,605.5,3.453
1847634,407.8,597.9,3.459
1847636,400.4,590.0,3.434
1847638,393.6,581.6,3.457
1847640,385.2,578.2,3.447
1847642,386.0,573.6,3.436
1847644,385.3,571.6,3.435
1847646,382.6,570.5,3.44
1847648,381.3,571.4,3.413
1847650,381.1,570.8,3.439
1847652,381.2,572.9,3.432
1847654,381.1,567.5,3.409
1847656,379.5,568.9,3.47
1847658,378.9,573.0,3.413
1847660,382.3,570.4,3.438
1847662,381.5,568.6,3.422
1847664,383.4,570.4,3.434
1847666,383.7,572.2,3.43
1847668,383.4,569.5,3.44
1847670,381.8,569.7,3.436
1847672,381.6,570.2,3.457
1847674,378.7,568.9,3.424
1847676,379.1,569.8,3.455
1847678,381.8,572.0,3.446
1847680,382.9,570.7,3.411
1847682,379.4,570.3,3.447
1847684,380.9,572.4,3.425
1847686,383.1,569.2,3.441
1847688,381.3,571.4,3.438
1847690,382.2,572.0,3.445
1847692,380.7,570.2,3.432
1847694,380.7,571.3,3.414
1847696,381.7,570.9,3.425
1847698,383.1,571.4,3.44
1847700,383.3,571.5,3.438
1847702,381.7,572.3,3.415
1847704,383.0,571.9,3.42
1847706,381.7,571.3,3.414
1847708,381.0,571.0,3.433
1847710,381.8,571.2,3.443
1847712,381.1,571.7,3.427
1847714,380.6,573.9,3.416
1847716,382.5,571.7,3.444
1847718,380.0,573.6,3.438
1847720,382.1,573.9,3.431
1847722,384.0,571.1,3.428
1847724,382.9,570.6,3.426
1847726,382.8,570.6,3.418
1847728,382.8,573.2,3.405
1847730,381.7,573.4,3.43
1847732,384.1,572.5,3.433
1847734,382.8,568.4,3.41
1847736,381.1,574.2,3.426
1847738,382.4,570.9,3.413
1847740,386.1,569.1,3.418
1847742,383.6,570.4,3.418
1847744,383.0,569.6,3.418
1847746,381.9,572.2,3.401
1847748,383.1,570.8,3.435
1847750,381.8,571.5,3.417
1847752,,,
1847754,,,
1847756,,,
1847758,381.4,569.1,3.413
1847760,381.7,571.5,3.414
1847762,381.4,570.7,3.415
1847764,382.5,570.5,3.421
1847766,381.7,568.9,3.419
1847768,382.2,569.3,3.435
1847770,383.0,569.9,3.448
1847772,381.1,570.2,3.401
1847774,385.5,571.0,3.387
1847776,383.7,571.1,3.387
1847778,386.6,571.1,3.397
1847780,384.3,567.5,3.425
1847782,384.1,570.0,3.4
1847784,384.4,568.7,3.425
1847786,382.6,569.7,3.387
1847788,383.5,569.9,3.42
1847790,383.7,572.1,3.413
1847792,385.2,572.4,3.41
1847794,384.4,571.3,3.43
1847796,383.6,571.1,3.422
1847798,385.4,567.3,3.404
1847800,383.1,569.9,3.425
1847802,385.2,571.1,3.411
1847804,382.8,570.9,3.415
1847806,382.0,570.2,3.398
1847808,382.3,569.2,3.431
1847810,381.0,571.6,3.427
1847812,382.5,571.1,3.412
1847814,382.4,574.3,3.417
1847816,383.9,569.1,3.407
1847818,384.2,571.0,3.42
1847820,380.4,569.2,3.412
1847822,384.0,570.7,3.398
1847824,381.7,570.2,3.408
1847826,382.3,572.2,3.409
1847828,384.4,571.1,3.4
1847830,381.7,570.9,3.415
1847832,384.6,570.6,3.423
1847834,385.9,572.4,3.385
1847836,383.7,570.4,3.391
1847838,381.2,567.3,3.384
1847840,386.3,569.6,3.407
1847842,384.2,571.8,3.42
1847844,384.1,572.1,3.396
1847846,381.4,570.2,3.415
1847848,383.6,570.3,3.399
1847850,383.0,569.3,3.409
1847852,383.9,571.5,3.385
1847854,384.2,570.8,3.4
1847856,382.1,568.8,3.39
1847858,383.7,572.6,3.4
1847860,384.3,571.5,3.404
1847862,380.6,570.3,3.411
1847864,383.2,569.3,3.398
1847866,386.2,570.4,3.403
1847868,381.6,573.2,3.401
1847870,383.3,570.5,3.403
1847872,381.5,570.0,3.404
1847874,379.3,572.3,3.42
1847876,383.6,572.4,3.402
1847878,381.8,569.4,3.411
1847880,384.7,570.2,3.405
1847882,383.4,570.9,3.407
1847884,384.7,570.6,3.415
1847886,384.2,569.5,3.401
1847888,384.0,570.6,3.396
1847890,383.4,570.3,3.383
1847892,380.9,569.1,3.403
1847894,379.4,569.4,3.407
1847896,384.6,570.4,3.398
1847898,382.9,571.5,3.395
1847900,383.2,569.4,3.385
1847902,380.1,567.8,3.407
1847904,383.8,571.5,3.38
1847906,383.3,573.8,3.391
1847908,382.4,568.6,3.402
1847910,381.6,569.3,3.393
1847912,383.9,573.1,3.376
1847914,383.5,571.4,3.398
1847916,381.1,572.2,3.413
1847918,381.0,570.8,3.393
1847920,383.9,571.1,3.369
1847922,382.0,569.4,3.396
1847924,382.7,570.8,3.391
1847926,382.3,569.8,3.392
1847928,384.3,570.3,3.401
1847930,384.6,569.9,3.378
1847932,381.8,569.9,3.399
1847934,385.0,569.6,3.407
1847936,383.1,570.5,3.399
1847938,382.7,571.5,3.387
1847940,382.1,571.5,3.383
1847942,382.3,571.9,3.409
1847944,383.4,572.9,3.393
1847946,382.7,571.4,3.387
1847948,385.1,572.2,3.409
1847950,386.3,573.5,3.416
1847952,384.3,571.2,3.41
1847954,383.0,571.7,3.354
1847956,380.0,571.7,3.365
1847958,383.1,574.1,3.378
1847960,382.6,571.9,3.389
1847962,384.8,571.3,3.383
1847964,385.9,571.8,3.375
1847966,387.1,572.2,3.375
1847968,392.2,576.1,3.401
1847970,400.2,580.3,3.382
1847972,410.0,583.9,3.385
1847974,426.7,590.5,3.392
1847976,439.1,598.0,3.355
1847978,452.8,602.0,3.379
1847980,465.0,606.7,3.368
1847982,475.4,610.7,3.396
1847984,479.4,613.7,3.381
1847986,481.8,614.8,3.381
1847988,482.5,612.4,3.4
1847990,481.9,612.9,3.395
1847992,482.9,614.0,3.365
1847994,482.6,612.2,3.357
1847996,480.5,612.6,3.39
1847998,480.9,614.6,3.363
1848000,482.1,615.5,3.376
1848002,481.5,616.5,3.386
1848004,482.5,613.8,3.372
1848006,482.2,612.4,3.359
1848008,482.4,614.6,3.389
1848010,481.1,613.7,3.387
1848012,482.7,611.7,3.378
1848014,479.2,615.2,3.403
1848016,480.4,614.3,3.369
1848018,480.1,612.6,3.357
1848020,483.5,615.7,3.371
1848022,482.8,613.9,3.394
1848024,480.5,615.6,3.393
1848026,482.6,615.3,3.385
1848028,481.2,612.7,3.409
1848030,481.5,614.2,3.395
1848032,481.4,614.0,3.359
1848034,481.0,614.5,3.365
1848036,483.5,615.6,3.382
1848038,480.9,613.3,3.376
1848040,480.1,616.0,3.382
1848042,483.9,612.4,3.377
1848044,482.3,615.9,3.363
1848046,480.4,614.1,3.375
1848048,485.0,614.7,3.376
1848050,481.1,614.2,3.377
1848052,482.6,612.5,3.392
1848054,480.3,611.8,3.355
1848056,479.2,614.6,3.379
1848058,482.7,613.1,3.391
1848060,483.2,613.6,3.368
1848062,480.4,613.5,3.363
1848064,481.0,610.6,3.358
1848066,482.7,614.8,3.359
1848068,479.4,614.8,3.385
1848070,480.1,612.1,3.351
1848072,481.3,614.7,3.384
1848074,481.2,612.8,3.367
1848076,481.2,614.3,3.371
1848078,483.3,612.8,3.389
1848080,481.9,615.6,3.377
1848082,480.5,614.3,3.377
1848084,481.0,610.7,3.364
1848086,481.7,614.4,3.396
1848088,481.9,611.8,3.381
1848090,480.8,611.4,3.385
1848092,481.3,610.9,3.379
1848094,481.7,612.1,3.349
1848096,479.9,614.7,3.34
1848098,478.7,611.3,3.367
1848100,481.6,612.9,3.351
1848102,480.0,613.9,3.363
1848104,482.7,615.2,3.382
1848106,480.0,615.6,3.364
1848108,482.6,613.3,3.367
1848110,480.8,613.2,3.386
1848112,483.3,612.7,3.378
1848114,480.7,612.6,3.399
1848116,484.6,613.7,3.36
1848118,481.4,615.8,3.376
1848120,483.0,611.4,3.371
1848122,479.3,612.3,3.373
1848124,485.1,612.5,3.369
1848126,480.8,613.7,3.38
1848128,482.4,612.9,3.378
1848130,477.7,613.0,3.382
1848132,481.1,608.7,3.38
1848134,481.5,613.8,3.38
1848136,481.5,613.8,3.358
1848138,483.2,615.3,3.387
1848140,479.9,621.8,3.384
1848142,478.0,630.9,3.391
1848144,474.1,639.8,3.378
1848146,466.8,657.3,3.376
1848148,461.6,667.6,3.375
1848150,456.3,683.8,3.398
1848152,449.7,696.0,3.382
1848154,445.8,702.2,3.373
1848156,444.3,707.1,3.376
1848158,441.9,712.7,3.363
1848160,441.5,710.3,3.366
1848162,442.6,709.8,3.387
1848164,441.9,710.9,3.369
1848166,440.3,710.4,3.36
1848168,443.7,712.0,3.393
1848170,441.9,712.0,3.352
1848172,442.4,710.1,3.381
1848174,442.5,710.8,3.378
1848176,441.2,710.6,3.358
1848178,443.5,712.4,3.366
1848180,440.8,712.4,3.367
1848182,443.8,710.9,3.382
1848184,441.9,712.3,3.363
1848186,440.6,712.3,3.379
1848188,440.4,711.4,3.378
1848190,439.9,710.9,3.378
1848192,440.6,709.5,3.371
1848194,439.9,713.3,3.38
1848196,443.5,711.4,3.369
1848198,441.9,710.6,3.398
1848200,442.2,713.6,3.379
1848202,441.3,711.4,3.382
1848204,442.7,708.5,3.391
1848206,441.1,712.5,3.361
1848208,441.2,713.6,3.356
1848210,441.9,710.6,3.377
1848212,440.2,710.9,3.352
1848214,440.5,710.4,3.409
1848216,444.2,710.8,3.373
1848218,440.7,712.0,3.4
1848220,441.0,713.3,3.382
1848222,442.5,711.7,3.381
1848224,443.0,712.1,3.392
1848226,443.4,711.8,3.391
1848228,442.9,711.4,3.365
1848230,442.0,712.5,3.396
1848232,440.9,709.3,3.389
1848234,441.5,711.2,3.384
1848236,443.6,710.5,3.37
1848238,438.5,711.0,3.39
1848240,441.6,712.1,3.354
1848242,441.7,709.3,3.389
1848244,443.0,714.9,3.358
1848246,441.6,710.3,3.387
1848248,442.3,710.5,3.379
1848250,441.2,712.5,3.37
1848252,441.2,713.7,3.375
1848254,441.4,712.6,3.367
1848256,440.9,710.4,3.394
1848258,439.3,712.1,3.363
1848260,440.8,711.6,3.362
1848262,440.3,710.8,3.407
1848264,440.2,713.6,3.386
1848266,442.8,709.3,3.371
1848268,443.3,712.7,3.401
1848270,439.9,714.9,3.375
1848272,439.3,713.0,3.377
1848274,440.5,711.8,3.398
1848276,443.4,713.3,3.403
1848278,439.8,712.3,3.375
1848280,441.9,712.5,3.392
1848282,439.5,712.0,3.401
1848284,440.7,713.1,3.397
1848286,440.6,710.3,3.396
1848288,441.8,714.2,3.37
1848290,442.1,710.1,3.387
1848292,439.9,712.8,3.396
1848294,439.2,713.0,3.385
1848296,439.3,714.0,3.39
1848298,442.9,710.1,3.397
1848300,437.6,710.7,3.363
1848302,440.9,711.2,3.386
1848304,440.4,713.1,3.385
1848306,439.7,712.3,3.387
1848308,441.6,713.2,3.409
1848310,441.0,713.1,3.383
1848312,440.5,709.7,3.382
1848314,441.3,708.7,3.365
1848316,441.2,708.8,3.384
1848318,439.4,712.8,3.399
1848320,443.0,711.2,3.365
1848322,440.7,709.9,3.4
1848324,440.4,712.3,3.395
1848326,441.5,710.7,3.377
1848328,441.6,710.7,3.397
1848330,440.1,714.2,3.385
1848332,439.7,711.1,3.389
1848334,440.1,711.2,3.365
1848336,442.7,710.2,3.402
1848338,440.6,712.6,3.386
1848340,440.5,711.5,3.412
1848342,441.1,711.3,3.398
1848344,438.0,710.5,3.4
1848346,439.9,707.9,3.378
1848348,440.6,710.8,3.415
1848350,439.0,714.8,3.403
1848352,440.8,713.6,3.377
1848354,441.2,712.0,3.427
1848356,438.5,709.1,3.383
1848358,440.4,708.1,3.389
1848360,440.0,711.2,3.394
1848362,439.9,709.7,3.4
1848364,440.1,710.5,3.407
1848366,441.6,710.4,3.401
1848368,441.9,714.2,3.398
1848370,437.5,709.1,3.389
1848372,441.4,710.4,3.414
1848374,441.0,712.7,3.416
1848376,438.4,712.7,3.392
1848378,439.3,710.6,3.38
1848380,440.2,711.5,3.412
1848382,441.7,710.2,3.396
1848384,439.8,712.1,3.404
1848386,442.8,710.4,3.396
1848388,441.1,709.5,3.407
1848390,439.0,710.7,3.396
1848392,439.2,711.9,3.42
1848394,440.5,707.2,3.4
1848396,441.7,712.7,3.407
1848398,441.7,708.9,3.401
1848400,438.0,708.9,3.401
1848402,440.3,712.2,3.412
1848404,440.7,713.9,3.413
1848406,441.7,708.9,3.401
1848408,444.5,712.2,3.394
1848410,444.5,710.8,3.419
1848412,446.5,707.5,3.398
1848414,449.2,707.6,3.424
1848416,448.1,710.1,3.412
1848418,448.8,710.8,3.407
1848420,449.6,709.6,3.422
1848422,449.2,709.2,3.403
1848424,448.4,709.7,3.436
1848426,450.2,711.0,3.409
1848428,448.1,712.1,3.406
1848430,447.2,713.0,3.413
1848432,449.4,707.5,3.385
1848434,450.9,710.7,3.402
1848436,447.6,707.4,3.411
1848438,449.3,708.4,3.42
1848440,452.0,711.1,3.388
1848442,450.3,708.9,3.409
1848444,450.3,711.6,3.422
1848446,449.7,710.2,3.404
1848448,449.5,711.3,3.406
1848450,447.8,709.5,3.426
1848452,450.3,709.2,3.416
1848454,447.7,712.3,3.417
1848456,453.2,712.2,3.422
1848458,450.3,708.1,3.397
1848460,450.6,710.0,3.425
1848462,448.3,707.3,3.402
1848464,450.2,712.8,3.414
1848466,449.5,711.9,3.395
1848468,449.6,712.1,3.402
1848470,448.3,710.5,3.405
1848472,451.9,710.7,3.422
1848474,448.5,709.0,3.401
1848476,448.3,711.8,3.432
1848478,447.0,711.2,3.417
1848480,450.2,710.3,3.408
1848482,449.7,711.8,3.418
1848484,450.0,711.9,3.415
1848486,450.3,711.0,3.429
1848488,448.0,711.3,3.41
1848490,449.3,713.4,3.415
1848492,446.3,712.0,3.412
1848494,450.5,711.0,3.387
1848496,450.5,712.5,3.407
1848498,450.1,712.1,3.41
1848500,450.4,711.1,3.43
1848502,447.6,714.0,3.415
1848504,446.4,710.8,3.432
1848506,450.2,712.4,3.41
1848508,449.1,712.9,3.413
1848510,448.0,710.0,3.439
1848512,450.1,708.5,3.422
1848514,450.6,713.4,3.401
1848516,445.6,709.9,3.42
1848518,452.1,710.6,3.414
1848520,450.2,710.9,3.431
1848522,448.4,709.0,3.421
1848524,451.1,709.7,3.409
1848526,450.0,712.5,3.416
1848528,448.1,709.7,3.43
1848530,448.2,707.6,3.419
1848532,448.7,713.6,3.436
1848534,447.7,710.2,3.424
1848536,447.8,708.5,3.448
1848538,449.6,711.4,3.421
1848540,450.3,710.5,3.443
1848542,448.6,708.5,3.418
1848544,447.5,708.6,3.445
1848546,449.5,709.8,3.432
1848548,451.6,709.3,3.43
1848550,450.7,710.3,3.448
1848552,449.6,710.1,3.449
1848554,449.4,707.5,3.417
1848556,449.5,709.5,3.428
1848558,450.1,710.8,3.421
1848560,448.6,711.8,3.414
1848562,451.1,709.9,3.449
1848564,449.2,709.5,3.447
1848566,449.0,712.8,3.452
1848568,446.8,709.3,3.436
1848570,449.2,712.5,3.438
1848572,452.2,707.8,3.433
1848574,447.8,710.7,3.446
1848576,450.2,711.8,3.445
1848578,448.7,710.0,3.419
1848580,447.7,707.0,3.451
1848582,451.2,707.9,3.429
1848584,448.9,707.9,3.448
1848586,452.1,707.8,3.427
1848588,451.2,709.3,3.452
1848590,449.7,708.3,3.436
1848592,448.0,709.8,3.435
1848594,451.0,707.9,3.437
1848596,450.9,710.0,3.435
1848598,452.7,710.9,3.433
1848600,449.0,710.2,3.456
1848602,451.0,709.7,3.436
1848604,449.0,711.0,3.419
1848606,448.4,708.2,3.435
1848608,448.6,711.7,3.456
1848610,449.1,706.7,3.439
1848612,450.4,709.0,3.455
1848614,450.5,707.3,3.461
1848616,450.1,709.5,3.461
1848618,449.0,711.0,3.466
1848620,451.5,711.4,3.453
1848622,452.9,709.7,3.43
1848624,452.2,712.1,3.442
1848626,449.7,710.5,3.453
1848628,448.4,709.5,3.473
1848630,450.6,709.7,3.466
1848632,448.7,709.3,3.463
1848634,451.0,709.2,3.439
1848636,447.8,713.9,3.435
1848638,449.1,708.9,3.453
1848640,446.9,712.1,3.446
1848642,449.4,711.4,3.433
1848644,451.8,709.2,3.455
1848646,451.3,710.8,3.44
1848648,448.5,709.2,3.445
1848650,449.8,709.4,3.463
1848652,448.0,710.7,3.447
1848654,450.8,708.5,3.446
1848656,449.6,710.4,3.442
1848658,450.7,708.0,3.467
1848660,448.6,709.3,3.435
1848662,447.8,710.3,3.458
1848664,450.2,709.8,3.453
1848666,450.2,708.4,3.453
1848668,450.0,709.4,3.455
1848670,448.1,709.0,3.444
1848672,451.6,711.4,3.446
1848674,448.4,708.1,3.465
1848676,449.6,710.8,3.441
1848678,449.9,711.5,3.447
1848680,447.2,708.7,3.473
1848682,447.8,710.1,3.441
1848684,450.1,707.5,3.473
1848686,448.5,708.4,3.45
1848688,446.9,710.5,3.451
1848690,450.0,709.9,3.44
1848692,449.2,710.3,3.445
1848694,448.1,710.1,3.465
1848696,449.1,710.7,3.453
1848698,448.6,710.5,3.451
1848700,448.7,710.2,3.461
1848702,448.2,710.3,3.468
1848704,448.0,711.4,3.47
1848706,447.7,711.2,3.457
1848708,450.0,710.2,3.464
1848710,447.6,709.0,3.451
1848712,449.5,712.1,3.451
1848714,449.3,710.0,3.443
1848716,448.0,711.9,3.478
1848718,450.5,710.8,3.45
1848720,449.6,709.4,3.468
1848722,449.8,710.8,3.466
1848724,447.5,710.6,3.468
1848726,447.5,710.6,3.478
1848728,448.8,710.9,3.449
1848730,448.9,710.4,3.479
1848732,449.5,712.3,3.453
1848734,449.8,709.0,3.469
1848736,450.1,709.1,3.461
1848738,450.4,712.2,3.456
1848740,450.1,708.6,3.451
1848742,449.2,710.1,3.467
1848744,450.8,709.6,3.45
1848746,449.7,712.5,3.463
1848748,449.4,710.9,3.457
1848750,450.2,709.3,3.471
1848752,449.4,711.5,3.468
1848754,448.9,710.4,3.459
1848756,451.8,710.5,3.455
1848758,450.8,709.2,3.456
1848760,447.4,709.2,3.478
1848762,453.0,710.8,3.472
1848764,450.5,712.8,3.468
1848766,454.2,710.5,3.468
1848768,450.9,711.4,3.472
1848770,450.8,711.1,3.482
1848772,451.1,709.1,3.484
1848774,449.9,710.9,3.459
1848776,449.2,709.9,3.479
1848778,449.2,712.9,3.471
1848780,452.4,709.6,3.471
1848782,449.3,710.9,3.477
1848784,448.5,711.6,3.48
1848786,450.4,711.4,3.468
1848788,448.5,709.9,3.468
1848790,448.1,709.9,3.456
1848792,449.5,711.5,3.461
1848794,447.9,710.4,3.487
1848796,450.5,711.4,3.46
1848798,448.2,711.5,3.49
1848800,450.8,707.4,3.465
1848802,449.0,709.7,3.455
1848804,447.9,709.1,3.468
1848806,450.4,709.0,3.474
1848808,446.9,709.1,3.454
1848810,456.1,706.5,3.503
1848812,463.1,703.1,3.472
1848814,470.5,706.7,3.451
1848816,481.7,704.4,3.473
1848818,497.8,703.3,3.487
1848820,515.1,702.3,3.462
1848822,543.2,697.6,3.456
1848824,567.8,699.1,3.457
1848826,597.9,698.2,3.445
1848828,635.0,697.5,3.458
1848830,669.8,694.7,3.476
1848832,705.5,693.6,3.451
1848834,744.3,692.3,3.456
1848836,786.4,692.7,3.474
1848838,825.9,687.9,3.486
1848840,867.3,689.3,3.477
1848842,906.5,688.6,3.488
1848844,944.2,685.6,3.458
1848846,979.2,687.5,3.47
1848848,1011.8,685.1,3.467
1848850,1044.9,683.8,3.478
1848852,1071.5,688.7,3.467
1848854,1094.3,684.4,3.457
1848856,1115.4,687.0,3.454
1848858,1131.0,684.7,3.472
1848860,1141.8,686.9,3.472
1848862,1152.0,686.9,3.473
1848864,1158.0,687.3,3.468
1848866,1161.2,686.2,3.465
1848868,1165.3,687.6,3.475
1848870,1165.4,690.5,3.464
1848872,1164.8,689.3,3.454
1848874,1161.3,692.2,3.487
1848876,1163.6,689.6,3.465
1848878,1164.9,689.6,3.462
1848880,1162.9,689.5,3.476
1848882,1163.3,690.0,3.463
1848884,1163.4,687.0,3.466
1848886,1161.5,691.0,3.489
1848888,1162.5,688.4,3.458
1848890,1163.6,689.4,3.476
1848892,1164.5,691.6,3.475
1848894,1163.0,690.8,3.464
1848896,1162.3,687.8,3.485
1848898,1164.9,691.2,3.479
1848900,1164.0,688.5,3.463
1848902,1164.2,688.8,3.466
1848904,1162.4,688.7,3.48
1848906,1162.0,687.9,3.479
1848908,1159.5,686.6,3.464
1848910,1166.9,688.4,3.502
1848912,1163.3,689.7,3.491
1848914,1165.3,688.5,3.468
1848916,1159.7,688.5,3.48
1848918,1162.0,688.4,3.469
1848920,1162.5,690.2,3.474
1848922,1163.1,689.1,3.477
1848924,1165.1,688.8,3.474
1848926,1164.0,690.2,3.485
1848928,1163.0,691.4,3.494
1848930,1164.0,686.7,3.47
1848932,1164.2,687.7,3.477
1848934,1165.5,689.0,3.485
1848936,1162.2,688.9,3.464
1848938,1164.5,688.8,3.492
1848940,1165.6,686.4,3.477
1848942,1164.6,689.6,3.458
1848944,1164.4,687.4,3.464
1848946,1164.5,687.8,3.472
1848948,1162.2,690.0,3.49
1848950,1163.9,686.4,3.49
1848952,1165.6,688.3,3.453
1848954,1163.9,688.2,3.48
1848956,1165.7,687.3,3.475
1848958,1165.5,688.6,3.452
1848960,1164.4,687.7,3.469
1848962,1165.1,686.2,3.472
1848964,1166.4,687.2,3.443
1848966,1165.3,686.7,3.474
1848968,1161.3,688.6,3.468
1848970,1164.2,688.7,3.484
1848972,1164.6,688.8,3.462
1848974,1164.0,690.5,3.483
1848976,1163.7,686.9,3.452
1848978,1162.6,684.9,3.478
1848980,1162.5,688.2,3.467
1848982,1164.9,685.7,3.463
1848984,1166.7,687.1,3.488
1848986,1165.4,688.7,3.488
1848988,1164.2,686.8,3.466
1848990,1163.7,686.5,3.455
1848992,1163.4,689.2,3.471
1848994,1162.5,687.4,3.48
1848996,1161.4,686.4,3.466
1848998,1164.7,688.2,3.458
1849000,1164.4,690.4,3.465
1849002,1163.3,688.4,3.469
1849004,1163.3,687.9,3.454
1849006,1164.4,689.8,3.495
1849008,1163.7,685.5,3.48
1849010,1162.4,690.3,3.46
1849012,1163.1,689.5,3.471
1849014,1161.7,689.2,3.474
1849016,1166.8,687.5,3.467
1849018,1161.3,688.2,3.471
1849020,1163.3,688.2,3.453
1849022,1162.6,688.9,3.468
1849024,1160.3,687.5,3.447
1849026,1162.5,687.6,3.46
1849028,1162.8,686.9,3.469
1849030,1164.3,687.9,3.48
1849032,1163.1,685.4,3.468
1849034,1161.4,687.1,3.453
1849036,1160.8,690.3,3.453
1849038,1162.5,688.0,3.461
1849040,1162.6,687.9,3.471
1849042,1162.4,689.1,3.474
1849044,1161.7,689.7,3.451
1849046,1162.5,687.3,3.472
1849048,1163.2,691.3,3.45
1849050,1163.3,692.8,3.465
1849052,1161.5,688.4,3.453
1849054,1159.4,686.6,3.455
1849056,1161.8,688.3,3.434
1849058,1162.9,688.1,3.456
1849060,1162.4,689.3,3.472
1849062,1161.1,688.3,3.452
1849064,1162.0,689.3,3.462
1849066,1160.0,687.8,3.471
1849068,1163.9,687.4,3.459
1849070,1159.7,690.2,3.45
1849072,1161.2,685.2,3.469
1849074,1163.6,685.9,3.462
1849076,1161.8,685.4,3.471
1849078,1160.4,686.8,3.459
1849080,1162.6,689.6,3.464
1849082,1160.1,687.3,3.452
1849084,1161.0,688.2,3.455
1849086,1159.7,687.8,3.465
1849088,1163.1,685.7,3.451
1849090,1161.4,689.3,3.433
1849092,1160.0,688.1,3.478
1849094,1162.1,688.6,3.46
1849096,1163.4,685.7,3.454
1849098,1163.8,688.7,3.468
1849100,1164.5,687.2,3.449
1849102,1162.2,687.6,3.448
1849104,1162.7,689.0,3.452
1849106,1162.6,685.3,3.457
1849108,1162.8,690.4,3.466
1849110,1165.3,687.8,3.472
1849112,1163.8,688.9,3.464
1849114,1162.0,687.5,3.466
1849116,1163.7,689.2,3.45
1849118,1164.2,688.8,3.46
1849120,1164.0,689.2,3.445
1849122,1164.2,688.3,3.465
1849124,1160.4,686.1,3.465
1849126,1163.4,687.1,3.45
1849128,1163.7,687.2,3.474
1849130,1163.4,688.3,3.458
1849132,1162.5,684.6,3.449
1849134,1161.6,684.9,3.432
1849136,1163.4,687.3,3.446
1849138,1162.8,688.0,3.454
1849140,1162.5,688.4,3.465
1849142,1161.7,686.6,3.477
1849144,1162.5,688.2,3.476
1849146,1164.4,686.2,3.457
1849148,1162.8,687.9,3.436
1849150,1161.6,689.4,3.45
1849152,1163.3,691.4,3.451
1849154,1161.3,688.4,3.46
1849156,1164.1,688.9,3.454
1849158,1158.8,687.7,3.467
1849160,1161.9,688.4,3.462
1849162,1161.5,686.6,3.442
1849164,1163.5,689.7,3.445
1849166,1161.2,686.4,3.464
1849168,1163.8,689.4,3.466
1849170,1163.5,690.4,3.459
1849172,1159.6,687.6,3.455
1849174,1158.9,687.7,3.47
1849176,1163.6,687.7,3.459
1849178,1162.2,686.6,3.46
1849180,1162.4,688.7,3.448
1849182,1163.4,688.4,3.436
1849184,1160.2,690.7,3.443
1849186,1164.9,687.1,3.456
1849188,1165.3,686.5,3.456
1849190,1166.5,685.8,3.461
1849192,1163.6,686.8,3.47
1849194,1165.0,687.5,3.458
1849196,1164.6,687.8,3.442
1849198,1161.2,686.8,3.452
1849200,1163.8,689.8,3.441
1849202,1164.5,687.3,3.471
1849204,1163.3,688.5,3.462
1849206,1165.0,686.8,3.446
1849208,1163.3,688.3,3.442
1849210,1163.0,689.8,3.451
1849212,1164.9,689.2,3.445
1849214,1162.3,686.2,3.437
1849216,1163.4,688.7,3.473
1849218,1164.2,685.4,3.439
1849220,1165.3,689.7,3.453
1849222,1163.9,687.8,3.492
1849224,1166.4,689.1,3.454
1849226,1163.2,687.4,3.431
1849228,1163.2,688.8,3.451
1849230,1165.5,687.6,3.44
1849232,1164.3,689.4,3.43
1849234,1165.0,686.8,3.423
1849236,1163.7,687.6,3.449
1849238,1162.9,686.6,3.43
1849240,1164.9,689.7,3.443
1849242,1162.4,684.4,3.457
1849244,1162.1,687.4,3.451
1849246,1163.4,689.3,3.453
1849248,1163.9,687.8,3.422
1849250,1162.9,685.3,3.449
1849252,1163.4,689.5,3.455
1849254,1163.0,686.4,3.444
1849256,1164.1,686.7,3.44
1849258,1164.0,688.4,3.439
1849260,1164.7,684.1,3.451
1849262,1164.1,690.1,3.449
1849264,1163.8,686.4,3.45
1849266,1165.3,687.3,3.447
1849268,1164.7,687.5,3.426
1849270,1165.2,685.0,3.437
1849272,1164.8,686.7,3.457
1849274,1165.0,686.8,3.448
1849276,1165.2,686.9,3.446
1849278,1162.9,686.5,3.436
1849280,1167.2,687.8,3.435
1849282,1164.8,688.8,3.444
1849284,1166.1,687.8,3.423
1849286,1164.9,688.5,3.425
1849288,1165.4,685.8,3.438
1849290,1163.6,688.7,3.44
1849292,1168.0,688.9,3.441
1849294,1162.8,689.6,3.434
1849296,1169.7,686.7,3.444
1849298,1163.7,687.0,3.438
1849300,1166.3,688.6,3.453
1849302,1163.7,685.7,3.44
1849304,1164.4,689.0,3.449
1849306,1164.9,684.4,3.447
1849308,1163.6,687.0,3.423
1849310,1166.4,687.8,3.429
1849312,1163.5,685.6,3.441
1849314,1167.6,688.3,3.425
1849316,1164.1,687.8,3.432
1849318,1164.4,688.6,3.45
1849320,1165.1,687.3,3.443
1849322,1162.2,688.3,3.451
1849324,1164.9,687.2,3.44
1849326,1163.6,688.2,3.443
1849328,1167.7,690.0,3.428
1849330,1164.7,688.3,3.406
1849332,1164.3,687.4,3.44
1849334,1162.9,685.7,3.445
1849336,1164.4,689.5,3.446
1849338,1165.0,685.0,3.438
1849340,1162.3,688.0,3.429
1849342,1163.8,688.7,3.432
1849344,1165.8,687.4,3.446
1849346,1164.3,687.8,3.444
1849348,1162.1,688.7,3.453
1849350,1165.6,689.5,3.454
1849352,1164.3,689.8,3.44
1849354,1161.6,686.4,3.421
1849356,1163.4,687.8,3.436
1849358,1165.5,685.7,3.44
1849360,1163.7,688.6,3.432
1849362,1165.7,687.6,3.44
1849364,1165.8,687.3,3.445
1849366,1166.3,688.0,3.444
1849368,1165.4,686.8,3.435
1849370,1165.3,685.1,3.443
1849372,1164.5,688.2,3.45
1849374,1165.6,686.6,3.435
1849376,1164.3,689.4,3.438
1849378,1163.2,689.2,3.403
1849380,1167.3,687.9,3.422
1849382,1166.4,687.6,3.433
1849384,1167.2,689.0,3.445
1849386,1165.4,688.7,3.442
1849388,1162.6,687.4,3.459
1849390,1164.9,688.2,3.446
1849392,1167.5,686.8,3.42
1849394,1166.2,687.0,3.423
1849396,1167.6,687.5,3.416
1849398,1164.5,690.1,3.421
1849400,1166.0,690.2,3.412
1849402,1163.6,689.3,3.441
1849404,1166.7,687.6,3.437
1849406,1167.1,690.5,3.445
1849408,1166.2,688.9,3.424
1849410,1163.2,686.5,3.428
1849412,1165.4,687.7,3.444
1849414,1163.7,690.2,3.419
1849416,1167.5,690.9,3.429
1849418,1165.1,689.7,3.411
1849420,1162.9,688.7,3.415
1849422,1165.0,689.6,3.458
1849424,1164.6,687.1,3.423
1849426,1166.4,690.1,3.433
1849428,1164.6,687.2,3.43
1849430,1165.4,690.2,3.426
1849432,1164.0,690.2,3.438
1849434,1162.0,689.9,3.43
1849436,1165.5,690.5,3.433
1849438,1163.6,687.9,3.449
1849440,1165.3,689.9,3.428
1849442,1163.0,689.8,3.425
1849444,1165.8,691.6,3.432
1849446,1165.5,688.4,3.444
1849448,1162.4,685.9,3.41
1849450,1167.3,689.4,3.433
1849452,1167.5,689.7,3.448
1849454,1162.7,688.7,3.407
1849456,1162.0,689.1,3.463
1849458,1165.0,691.6,3.433
1849460,1164.3,689.6,3.427
1849462,1164.9,691.0,3.418
1849464,1165.9,689.2,3.423
1849466,1164.0,686.7,3.427
1849468,1165.5,689.4,3.428
1849470,1164.5,690.7,3.436
1849472,1165.5,689.5,3.406
1849474,1163.7,689.6,3.432
1849476,1163.8,689.7,3.429
1849478,1163.1,689.0,3.426
1849480,1158.2,683.3,3.435
1849482,1151.3,676.9,3.43
1849484,1142.5,669.0,3.422
1849486,1129.1,656.7,3.423
1849488,1116.1,645.2,3.425
1849490,1099.1,628.1,3.444
1849492,1079.1,610.5,3.421
1849494,1059.4,587.8,3.429
1849496,1034.1,564.5,3.426
1849498,1006.2,538.3,3.411
1849500,981.0,513.3,3.44
1849502,950.7,487.8,3.435
1849504,922.8,459.2,3.436
1849506,892.8,430.1,3.424
1849508,862.1,400.8,3.408
1849510,832.9,370.6,3.408
1849512,801.6,344.7,3.447
1849514,776.6,319.1,3.415
1849516,749.9,295.4,3.433
1849518,723.5,270.8,3.414
1849520,705.2,248.2,3.447
1849522,682.8,231.4,3.441
1849524,664.8,212.5,3.434
1849526,651.1,202.1,3.425
1849528,640.8,190.4,3.42
1849530,631.2,181.8,3.443
1849532,627.7,175.3,3.407
1849534,621.2,172.1,3.443
1849536,616.0,167.2,3.443
1849538,616.9,168.4,3.43
1849540,616.6,166.8,3.422
1849542,616.9,171.4,3.441
1849544,616.6,169.8,3.417
1849546,618.2,169.1,3.438
1849548,617.3,169.6,3.412
1849550,614.1,169.5,3.424
1849552,618.4,170.7,3.418
1849554,617.2,169.6,3.436
1849556,615.9,170.4,3.441
1849558,615.9,168.9,3.437
1849560,616.5,169.8,3.435
1849562,613.6,169.5,3.427
1849564,617.6,170.3,3.397
1849566,616.3,169.8,3.412
1849568,617.1,169.2,3.427
1849570,616.7,170.8,3.42
1849572,617.5,169.8,3.401
1849574,616.8,168.2,3.432
1849576,619.8,169.2,3.434
1849578,617.1,171.0,3.425
1849580,617.6,167.5,3.442
1849582,618.3,170.1,3.394
1849584,615.2,167.0,3.425
1849586,618.4,170.9,3.408
1849588,618.2,167.5,3.402
1849590,616.8,170.2,3.405
1849592,618.5,168.2,3.42
1849594,618.2,171.3,3.42
1849596,620.7,168.0,3.42
1849598,618.7,168.8,3.421
1849600,618.8,171.3,3.409
1849602,619.9,169.1,3.44
1849604,617.8,170.0,3.443
1849606,618.4,169.0,3.417
1849608,616.1,170.8,3.432
1849610,619.0,168.4,3.395
1849612,618.4,171.0,3.424
1849614,618.1,170.8,3.392
1849616,617.4,170.9,3.418
1849618,619.3,170.7,3.432
1849620,618.7,170.1,3.431
1849622,616.3,171.4,3.432
1849624,617.8,173.1,3.423
1849626,617.6,171.3,3.43
1849628,619.1,170.0,3.41
1849630,617.9,169.8,3.423
1849632,620.7,168.9,3.403
1849634,621.5,169.8,3.407
1849636,617.3,170.8,3.427
1849638,619.0,171.7,3.4
1849640,618.2,170.4,3.404
1849642,616.1,169.7,3.406
1849644,617.4,170.4,3.402
1849646,614.6,169.8,3.446
1849648,616.6,173.1,3.415
1849650,618.2,167.9,3.397
1849652,620.0,170.0,3.426
1849654,616.5,171.2,3.403
1849656,613.0,170.4,3.443
1849658,618.0,168.2,3.415
1849660,618.3,170.3,3.4
1849662,620.3,171.6,3.418
1849664,615.6,168.7,3.432
1849666,617.0,171.4,3.447
1849668,617.8,168.0,3.41
1849670,615.9,169.3,3.402
1849672,619.3,169.2,3.424
1849674,617.0,170.1,3.406
1849676,617.1,170.9,3.406
1849678,615.3,169.5,3.413
1849680,616.1,169.1,3.419
1849682,616.8,168.0,3.426
1849684,615.3,167.9,3.413
1849686,618.5,169.6,3.422
1849688,615.2,168.5,3.418
1849690,619.6,170.3,3.411
1849692,616.1,172.8,3.395
1849694,616.9,169.8,3.427
1849696,617.5,169.1,3.418
1849698,617.8,170.6,3.418
1849700,614.8,167.3,3.411
1849702,616.4,169.7,3.406
1849704,616.0,170.9,3.42
1849706,614.8,170.7,3.407
1849708,618.6,173.8,3.385
1849710,616.9,178.9,3.356
1849712,619.0,177.8,3.333
1849714,614.9,185.7,3.275
1849716,615.0,192.3,3.22
1849718,616.1,199.7,3.174
1849720,618.7,203.6,3.107
1849722,617.8,212.8,3.043
1849724,617.6,219.5,2.931
1849726,619.7,234.4,2.854
1849728,617.1,240.6,2.755
1849730,619.2,252.6,2.653
1849732,615.2,264.3,2.547
1849734,616.6,278.8,2.412
1849736,615.6,294.6,2.307
1849738,618.0,307.0,2.163
1849740,619.2,324.2,2.016
1849742,,,
1849744,,,
1849746,,,
1849748,,,
1849750,,,
1849752,,,
1849754,,,
1849756,,,
1849758,,,
1849760,,,
1849762,,,
1849764,,,
1849766,,,
1849768,,,
1849770,,,
1849772,,,
1849774,,,
1849776,,,
1849778,,,
1849780,,,
1849782,,,
1849784,,,
1849786,,,
1849788,,,
1849790,,,
1849792,,,
1849794,,,
1849796,,,
1849798,,,
1849800,,,
1849802,,,
1849804,,,
1849806,,,
1849808,,,
1849810,,,
1849812,,,
1849814,,,
1849816,,,
1849818,,,
1849820,,,
1849822,,,
1849824,,,
1849826,,,
1849828,,,
1849830,,,
1849832,,,
1849834,,,
1849836,,,
1849838,,,
1849840,,,
1849842,,,
1849844,,,
1849846,,,
1849848,,,
1849850,,,
1849852,,,
1849854,,,
1849856,,,
1849858,,,
1849860,,,
1849862,,,
1849864,,,
1849866,,,
1849868,,,
1849870,,,
1849872,,,
1849874,,,
1849876,,,
1849878,,,
1849880,,,
1849882,,,
1849884,,,
1849886,,,
1849888,,,
1849890,,,
1849892,,,
1849894,,,
1849896,,,
1849898,,,
1849900,,,
1849902,,,
1849904,810.3,275.3,2.24
1849906,813.0,266.3,2.302
1849908,810.3,260.6,2.372
1849910,811.4,254.0,2.429
1849912,809.8,245.0,2.493
1849914,812.8,239.8,2.54
1849916,809.9,236.9,2.602
1849918,810.1,229.6,2.659
1849920,812.5,221.4,2.718
1849922,812.5,220.9,2.759
1849924,809.5,214.5,2.805
1849926,810.4,209.8,2.842
1849928,808.8,208.3,2.902
1849930,810.4,202.4,2.942
1849932,812.9,197.9,2.987
1849934,809.6,192.3,3.005
1849936,809.9,188.9,3.068
1849938,811.5,188.3,3.092
1849940,811.2,185.1,3.146
1849942,813.5,179.2,3.175
1849944,808.9,175.5,3.185
1849946,810.4,176.0,3.231
1849948,810.1,169.1,3.237
1849950,811.6,169.7,3.25
1849952,809.7,165.3,3.269
1849954,812.6,166.2,3.296
1849956,811.8,164.7,3.323
1849958,812.7,161.3,3.337
1849960,811.5,161.1,3.351
1849962,810.4,156.8,3.358
1849964,810.5,155.9,3.372
1849966,810.7,156.8,3.38
1849968,814.0,156.3,3.363
1849970,812.0,155.3,3.388
1849972,812.2,153.2,3.396
1849974,808.9,155.3,3.376
1849976,809.5,155.5,3.391
1849978,811.2,156.8,3.382
1849980,809.7,155.4,3.369
1849982,810.6,155.2,3.362
1849984,811.2,158.0,3.388
1849986,812.3,159.1,3.383
1849988,810.2,156.1,3.386
1849990,812.1,155.1,3.384
1849992,811.9,157.4,3.407
1849994,812.6,155.7,3.38
1849996,810.8,154.1,3.378
1849998,810.8,156.0,3.382
1850000,811.8,154.5,3.384
1850002,810.2,153.4,3.387
1850004,812.5,155.4,3.381
1850006,811.4,155.2,3.375
1850008,811.9,153.6,3.365
1850010,812.6,154.4,3.369
1850012,810.9,152.6,3.381
1850014,811.5,158.0,3.391
1850016,814.0,155.6,3.363
1850018,811.0,158.8,3.37
1850020,810.6,154.8,3.372
1850022,810.0,157.5,3.386
1850024,809.7,156.1,3.396
1850026,810.4,155.0,3.403
1850028,812.7,158.5,3.366
1850030,813.8,157.3,3.369
1850032,812.3,154.9,3.371
1850034,807.6,156.5,3.411
1850036,810.7,157.0,3.383
1850038,809.2,156.2,3.337
1850040,810.4,157.3,3.348
1850042,809.7,155.3,3.408
1850044,811.6,155.5,3.382
1850046,812.3,156.4,3.366
1850048,814.3,156.4,3.387
1850050,811.3,153.4,3.397
1850052,811.6,156.4,3.375
1850054,807.9,157.3,3.361
1850056,811.7,155.4,3.368
1850058,813.0,155.4,3.371
1850060,812.0,158.5,3.389
1850062,810.7,158.8,3.371
1850064,809.3,157.6,3.36
1850066,809.3,157.5,3.381
1850068,807.4,156.0,3.386
1850070,810.8,155.4,3.383
1850072,808.6,158.0,3.383
1850074,809.2,157.9,3.394
1850076,809.6,156.2,3.368
1850078,807.7,156.3,3.371
1850080,808.2,156.2,3.365
1850082,810.8,156.3,3.384
1850084,810.4,155.5,3.361
1850086,811.3,159.8,3.359
1850088,809.0,156.1,3.358
1850090,809.6,159.9,3.372
1850092,810.0,157.2,3.371
1850094,811.6,156.6,3.37
1850096,812.9,157.2,3.373
1850098,808.2,157.4,3.361
1850100,810.6,155.8,3.365
1850102,811.3,157.3,3.388
1850104,810.0,158.7,3.359
1850106,809.3,155.5,3.358
1850108,810.8,155.9,3.386
1850110,809.4,154.4,3.36
1850112,810.6,157.8,3.374
1850114,810.9,156.0,3.353
1850116,808.8,155.4,3.348
1850118,810.3,156.2,3.375
1850120,809.7,156.9,3.366
1850122,811.3,155.7,3.361
1850124,809.8,158.3,3.344
1850126,813.8,153.4,3.356
1850128,810.7,157.0,3.36
1850130,811.8,159.0,3.349
1850132,808.9,160.0,3.364
1850134,809.0,153.2,3.354
1850136,809.0,154.5,3.361
1850138,809.0,154.8,3.371
1850140,809.1,154.9,3.357
1850142,811.0,155.7,3.363
1850144,808.6,155.0,3.365
1850146,808.8,156.3,3.385
1850148,805.4,157.3,3.369
1850150,805.7,156.7,3.349
1850152,810.6,155.2,3.358
1850154,808.0,153.7,3.333
1850156,808.9,155.0,3.347
1850158,810.3,153.6,3.344
1850160,809.6,157.0,3.356
1850162,809.7,155.3,3.366
1850164,812.0,158.8,3.365
1850166,809.4,157.8,3.357
1850168,808.4,155.9,3.359
1850170,811.6,156.3,3.343
1850172,809.0,154.3,3.348
1850174,807.0,156.1,3.348
1850176,808.6,155.7,3.354
1850178,807.5,156.1,3.362
1850180,806.8,156.1,3.366
1850182,808.1,155.3,3.37
1850184,810.0,153.9,3.368
1850186,810.2,157.9,3.358
1850188,809.0,157.8,3.358
1850190,809.4,157.1,3.351
1850192,811.4,157.9,3.364
1850194,810.0,156.0,3.358
1850196,811.6,157.7,3.358
1850198,811.8,155.6,3.362
1850200,810.2,156.1,3.346
1850202,809.3,158.4,3.349
1850204,812.0,155.5,3.344
1850206,811.6,157.4,3.343
1850208,809.5,156.5,3.352
1850210,809.0,157.8,3.367
1850212,810.1,157.1,3.353
1850214,808.0,154.3,3.364
1850216,809.6,155.4,3.358
1850218,809.1,156.7,3.357
1850220,813.6,158.7,3.36
1850222,810.3,154.3,3.37
1850224,810.5,156.5,3.358
1850226,809.3,156.2,3.352
1850228,810.5,155.0,3.361
1850230,811.8,156.8,3.352
1850232,809.7,155.4,3.343
1850234,811.7,156.7,3.372
1850236,809.1,158.6,3.364
1850238,807.1,156.0,3.357
1850240,811.9,157.6,3.373
1850242,809.4,156.6,3.328
1850244,809.7,155.3,3.348
1850246,809.1,159.2,3.357
1850248,811.9,155.1,3.359
1850250,810.4,154.9,3.357
1850252,808.7,156.1,3.355
1850254,810.1,159.0,3.36
1850256,809.2,156.0,3.348
1850258,811.8,156.1,3.356
1850260,809.9,154.4,3.349
1850262,810.5,158.2,3.347
1850264,809.2,157.3,3.329
1850266,810.2,157.7,3.359
1850268,808.4,157.2,3.355
1850270,810.9,158.0,3.356
1850272,811.5,156.7,3.317
1850274,808.0,158.0,3.356
1850276,811.1,155.2,3.356
1850278,812.8,157.5,3.354
1850280,810.6,155.6,3.359
1850282,809.8,156.2,3.336
1850284,812.3,155.1,3.359
1850286,812.5,156.5,3.336
1850288,811.1,154.9,3.364
1850290,809.2,154.2,3.358
1850292,811.0,154.1,3.351
1850294,811.5,154.8,3.343
1850296,810.8,155.8,3.343
1850298,809.1,157.1,3.369
1850300,811.3,156.5,3.335
1850302,812.9,153.8,3.342
1850304,809.9,155.4,3.355
1850306,810.1,156.9,3.363
1850308,809.2,154.9,3.355
1850310,813.4,155.8,3.368
1850312,808.8,154.7,3.357
1850314,813.6,156.7,3.346
1850316,816.8,154.4,3.354
1850318,825.3,154.8,3.358
1850320,837.7,155.6,3.355
1850322,852.7,156.8,3.343
1850324,869.4,155.3,3.353
1850326,890.8,156.6,3.315
1850328,912.5,157.2,3.32
1850330,933.7,159.4,3.355
1850332,952.7,158.8,3.352
1850334,970.3,156.5,3.369
1850336,985.0,158.7,3.363
1850338,997.1,160.1,3.345
1850340,1007.7,160.1,3.353
1850342,1009.1,159.0,3.354
1850344,1011.8,158.6,3.354
1850346,1012.9,158.7,3.34
1850348,1015.1,158.6,3.334
1850350,1013.5,158.8,3.373
1850352,1010.6,159.3,3.357
1850354,1014.1,161.0,3.359
1850356,1012.5,160.0,3.339
1850358,1012.3,159.2,3.366
1850360,1012.9,158.1,3.341
1850362,1010.2,158.3,3.357
1850364,1012.6,162.1,3.343
1850366,1012.3,159.5,3.368
1850368,1011.6,158.9,3.35
1850370,1011.5,159.5,3.357
1850372,1012.6,159.6,3.355
1850374,1013.5,161.6,3.343
1850376,1013.5,159.7,3.368
1850378,1013.2,160.1,3.346
1850380,1012.3,161.1,3.354
1850382,1015.9,160.8,3.345
1850384,1015.1,162.2,3.352
1850386,1012.3,161.9,3.34
1850388,1013.2,159.7,3.324
1850390,1013.9,161.8,3.352
1850392,1012.5,161.3,3.35
1850394,1014.2,160.5,3.353
1850396,1014.0,159.6,3.348
1850398,1011.4,161.6,3.34
1850400,1013.4,163.4,3.337
1850402,1011.9,164.9,3.354
1850404,1011.3,161.8,3.343
1850406,1015.2,161.6,3.35
1850408,1011.0,160.5,3.336
1850410,1012.4,164.0,3.358
1850412,1012.2,161.1,3.357
1850414,1017.2,162.6,3.343
1850416,1012.2,162.1,3.354
1850418,1013.7,162.1,3.325
1850420,1012.6,161.5,3.374
1850422,1011.7,160.7,3.326
1850424,1013.7,161.4,3.353
1850426,1011.9,162.3,3.35
1850428,1014.0,161.3,3.334
1850430,1010.8,164.7,3.335
1850432,1013.2,161.2,3.338
1850434,1011.1,160.1,3.354
1850436,1011.8,161.7,3.349
1850438,1011.6,160.1,3.386
1850440,1010.1,162.8,3.335
1850442,1013.6,159.9,3.326
1850444,1011.3,163.5,3.317
1850446,1013.1,160.9,3.327
1850448,1012.1,159.9,3.354
1850450,1012.9,164.4,3.343
1850452,1013.5,163.9,3.372
1850454,1013.1,164.1,3.331
1850456,1011.1,165.0,3.351
1850458,1012.0,160.2,3.338
1850460,1013.7,162.3,3.348
1850462,1011.1,163.7,3.337
1850464,1012.4,163.3,3.368
1850466,1011.6,161.8,3.359
1850468,1009.4,161.7,3.356
1850470,1010.7,162.9,3.347
1850472,1013.2,159.7,3.357
1850474,1012.7,162.4,3.345
1850476,1013.9,159.8,3.359
1850478,1011.9,162.0,3.339
1850480,1013.8,161.8,3.349
1850482,1010.4,163.8,3.344
1850484,1011.3,161.7,3.33
1850486,1011.1,164.5,3.336
1850488,1011.3,161.5,3.34
1850490,1012.3,162.3,3.354
1850492,1011.8,164.9,3.349
1850494,1013.1,163.2,3.349
1850496,1011.8,165.0,3.35
1850498,1012.7,164.0,3.342
1850500,1013.6,160.7,3.332
1850502,1012.7,162.8,3.35
1850504,1014.2,160.9,3.343
1850506,1010.9,162.2,3.358
1850508,1011.6,163.1,3.354
1850510,1012.1,160.8,3.341
1850512,1010.9,159.9,3.348
1850514,1020.1,162.1,3.344
1850516,1030.0,162.8,3.347
1850518,1039.9,161.8,3.353
1850520,1055.0,162.3,3.364
1850522,1071.6,164.3,3.35
1850524,1092.3,163.8,3.364
1850526,1109.6,163.8,3.348
1850528,1127.2,162.9,3.364
1850530,1142.3,163.0,3.355
1850532,1158.4,166.3,3.337
1850534,1174.1,166.3,3.364
1850536,1180.0,166.9,3.36
1850538,1183.6,168.5,3.351
1850540,1184.6,167.3,3.359
1850542,1185.5,171.3,3.325
1850544,1185.8,167.6,3.352
1850546,1188.4,169.5,3.36
1850548,1187.2,171.8,3.34
1850550,1186.5,168.8,3.363
1850552,1187.8,170.5,3.349
1850554,1187.5,167.9,3.345
1850556,1188.4,171.5,3.354
1850558,1186.6,168.4,3.331
1850560,1185.8,169.4,3.351
1850562,1187.4,171.3,3.348
1850564,1187.9,167.8,3.343
1850566,1185.5,173.0,3.339
1850568,1186.5,171.5,3.364
1850570,1187.0,168.0,3.334
1850572,1186.3,168.2,3.345
1850574,1188.1,168.7,3.324
1850576,1187.9,169.6,3.333
1850578,1189.3,172.6,3.337
1850580,1189.2,168.6,3.336
1850582,1188.5,168.6,3.349
1850584,1185.9,170.7,3.341
1850586,1187.8,165.1,3.337
1850588,1187.4,167.5,3.37
1850590,1185.9,171.7,3.366
1850592,1186.9,169.9,3.337
1850594,1186.7,167.8,3.333
1850596,1187.4,170.5,3.349
1850598,1188.0,171.9,3.345
1850600,1189.3,170.6,3.334
1850602,1185.8,170.3,3.36
1850604,1187.8,171.7,3.361
1850606,1187.9,170.3,3.337
1850608,1188.2,169.3,3.363
1850610,1187.3,171.2,3.331
1850612,1188.6,169.9,3.366
1850614,1189.2,170.8,3.343
1850616,1188.7,169.9,3.354
1850618,1185.1,168.3,3.373
1850620,1187.0,169.2,3.365
1850622,1189.4,169.0,3.354
1850624,1187.2,169.9,3.356
1850626,1188.6,169.7,3.35
1850628,1190.0,169.0,3.346
1850630,1185.9,170.9,3.351
1850632,1187.6,168.7,3.354
1850634,1185.5,169.3,3.346
1850636,1189.5,170.3,3.363
1850638,1189.7,170.4,3.366
1850640,1191.5,171.6,3.368
1850642,1187.7,171.7,3.35
1850644,1188.7,170.5,3.361
1850646,1187.2,168.9,3.383
1850648,1185.7,167.9,3.368
1850650,1187.1,171.1,3.35
1850652,1186.6,167.7,3.364
1850654,1186.4,168.2,3.359
1850656,1188.6,169.0,3.348
1850658,1187.3,169.6,3.364
1850660,1187.4,171.0,3.341
1850662,1183.9,169.1,3.379
1850664,1188.1,170.3,3.351
1850666,1189.2,170.4,3.335
1850668,1186.5,170.7,3.348
1850670,1186.6,168.4,3.37
1850672,1183.8,172.1,3.347
1850674,1186.5,171.3,3.355
1850676,1189.6,175.4,3.366
1850678,1184.8,179.0,3.348
1850680,1183.6,181.6,3.384
1850682,1179.0,185.7,3.364
1850684,1164.4,188.4,3.352
1850686,1153.7,191.8,3.339
1850688,1137.0,194.6,3.363
1850690,1113.4,195.3,3.342
1850692,1087.4,200.4,3.336
1850694,1060.5,200.9,3.364
1850696,1027.4,201.4,3.358
1850698,998.6,206.2,3.374
1850700,965.4,204.7,3.359
1850702,930.5,204.2,3.362
1850704,893.9,203.8,3.366
1850706,862.5,204.1,3.348
1850708,829.6,201.8,3.367
1850710,802.3,198.7,3.368
1850712,775.8,197.2,3.352
1850714,746.5,195.9,3.367
1850716,726.9,190.7,3.358
1850718,711.9,188.2,3.349
1850720,691.4,186.9,3.358
1850722,683.9,183.3,3.38
1850724,680.2,177.6,3.37
1850726,677.1,177.2,3.375
1850728,675.9,170.3,3.367
1850730,676.0,166.8,3.379
1850732,674.6,165.6,3.369
1850734,673.2,167.0,3.365
1850736,674.6,168.2,3.355
1850738,673.6,168.8,3.356
1850740,674.6,168.3,3.373
1850742,673.1,168.7,3.358
1850744,676.0,166.4,3.351
1850746,671.0,169.2,3.373
1850748,673.1,164.8,3.365
1850750,669.5,168.2,3.369
1850752,671.2,167.5,3.376
1850754,673.7,168.2,3.355
1850756,672.9,166.4,3.388
1850758,675.0,164.7,3.377
1850760,673.0,164.9,3.377
1850762,671.6,167.7,3.36
1850764,672.1,166.9,3.375
1850766,673.7,168.6,3.354
1850768,671.1,168.4,3.396
1850770,673.7,165.6,3.381
1850772,671.1,165.7,3.359
1850774,672.0,167.2,3.362
1850776,674.0,165.1,3.373
1850778,673.1,166.9,3.374
1850780,674.2,163.9,3.349
1850782,672.2,165.5,3.366
1850784,671.8,166.9,3.383
1850786,673.0,167.8,3.383
1850788,671.4,164.6,3.361
1850790,675.2,167.8,3.376
1850792,675.3,168.2,3.36
1850794,673.4,164.3,3.381
1850796,675.2,164.5,3.393
1850798,672.5,165.3,3.381
1850800,673.1,166.4,3.367
1850802,674.3,164.5,3.376
1850804,669.6,166.4,3.39
1850806,672.8,168.3,3.368
1850808,675.5,166.5,3.387
1850810,673.2,168.7,3.409
1850812,674.8,165.4,3.377
1850814,673.1,164.5,3.364
1850816,671.7,166.2,3.373
1850818,673.3,167.2,3.376
1850820,671.1,167.3,3.359
1850822,675.1,167.8,3.362
1850824,671.1,167.4,3.366
1850826,671.3,166.5,3.385
1850828,672.3,166.0,3.394
1850830,670.2,166.0,3.377
1850832,672.1,167.8,3.378
1850834,671.2,164.3,3.366
1850836,673.0,165.2,3.379
1850838,671.3,167.3,3.388
1850840,671.7,166.4,3.377
1850842,669.6,166.2,3.381
1850844,673.6,164.3,3.404
1850846,669.8,167.1,3.383
1850848,672.1,164.1,3.401
1850850,672.8,164.1,3.376
1850852,674.9,168.9,3.395
1850854,671.1,166.0,3.373
1850856,670.7,166.4,3.4
1850858,673.7,164.3,3.375
1850860,670.6,163.9,3.39
1850862,673.8,167.1,3.394
1850864,671.9,165.1,3.387
1850866,671.5,164.6,3.377
1850868,674.2,167.3,3.363
1850870,670.5,167.0,3.354
1850872,675.0,166.0,3.391
1850874,672.8,165.5,3.396
1850876,670.8,166.7,3.375
1850878,672.1,165.0,3.394
1850880,672.7,166.3,3.39
1850882,672.3,164.5,3.381
1850884,671.8,164.8,3.421
1850886,671.5,163.0,3.391
1850888,671.6,166.1,3.375
1850890,673.6,167.1,3.434
1850892,671.5,165.8,3.396
1850894,670.1,164.2,3.402
1850896,674.1,164.1,3.376
1850898,670.7,165.7,3.393
1850900,671.4,167.3,3.413
1850902,672.6,169.0,3.395
1850904,672.3,165.8,3.408
1850906,673.0,166.0,3.412
1850908,670.9,166.5,3.394
1850910,673.3,166.3,3.398
1850912,672.9,165.2,3.408
1850914,672.5,163.2,3.41
1850916,672.3,165.9,3.419
1850918,674.4,165.9,3.393
1850920,674.1,164.7,3.364
1850922,673.5,164.3,3.395
1850924,670.0,164.7,3.397
1850926,672.4,164.3,3.407
1850928,672.3,163.4,3.404
1850930,673.8,166.0,3.396
1850932,672.4,166.9,3.409
1850934,671.1,165.1,3.393
1850936,672.7,164.5,3.403
1850938,672.6,167.0,3.424
1850940,672.9,167.4,3.384
1850942,673.4,166.5,3.422
1850944,671.7,164.5,3.403
1850946,674.5,164.8,3.429
1850948,673.9,164.4,3.409
1850950,672.1,167.7,3.401
1850952,673.7,165.1,3.406
1850954,675.0,166.7,3.423
1850956,672.7,169.1,3.411
1850958,673.3,171.0,3.412
1850960,672.8,165.1,3.412
1850962,670.0,164.7,3.413
1850964,674.0,164.7,3.391
1850966,672.5,165.8,3.439
1850968,673.4,166.2,3.442
1850970,672.1,165.3,3.399
1850972,671.9,167.0,3.414
1850974,673.2,168.5,3.417
1850976,672.9,167.2,3.403
1850978,672.6,168.1,3.405
1850980,673.7,165.7,3.43
1850982,673.8,167.3,3.424
1850984,673.2,164.2,3.412
1850986,673.6,167.6,3.41
1850988,674.0,166.8,3.407
1850990,673.5,168.4,3.408
1850992,672.5,167.6,3.388
1850994,671.9,166.0,3.431
1850996,674.6,166.6,3.417
1850998,673.8,166.4,3.406
1851000,673.3,169.2,3.422
1851002,673.1,169.2,3.409
1851004,672.6,168.2,3.42
1851006,672.3,169.6,3.423
1851008,671.1,165.1,3.424
1851010,674.7,171.1,3.413
1851012,677.2,166.3,3.426
1851014,673.7,165.7,3.45
1851016,675.5,167.5,3.424
1851018,675.2,164.7,3.42
1851020,677.0,167.4,3.425
1851022,670.6,163.5,3.414
1851024,674.0,167.3,3.416
1851026,673.9,165.7,3.425
1851028,671.8,168.9,3.436
1851030,672.2,170.1,3.425
1851032,671.9,168.8,3.453
1851034,671.5,168.2,3.433
1851036,676.2,167.9,3.429
1851038,674.5,166.6,3.432
1851040,673.4,166.4,3.445
1851042,673.0,167.6,3.44
1851044,670.6,165.9,3.439
1851046,672.3,169.3,3.46
1851048,672.7,167.9,3.445
1851050,673.1,167.3,3.431
1851052,674.2,168.5,3.42
1851054,672.6,165.9,3.452
1851056,676.1,164.4,3.442
1851058,681.3,166.3,3.456
1851060,691.1,163.9,3.442
1851062,709.2,167.4,3.441
1851064,726.7,164.2,3.431
1851066,749.6,162.9,3.433
1851068,769.1,161.6,3.431
1851070,792.0,162.3,3.427
1851072,812.4,162.0,3.452
1851074,831.4,159.9,3.452
1851076,847.4,159.4,3.449
1851078,856.3,157.2,3.434
1851080,864.6,158.1,3.451
1851082,866.3,160.8,3.461
1851084,867.0,157.5,3.455
1851086,868.4,159.9,3.436
1851088,866.5,159.2,3.456
1851090,869.0,160.2,3.454
1851092,867.7,161.4,3.451
1851094,869.1,160.0,3.485
1851096,868.4,162.2,3.474
1851098,868.2,158.0,3.453
1851100,867.9,162.8,3.457
1851102,866.6,161.5,3.462
1851104,866.4,160.7,3.454
1851106,870.0,160.4,3.442
1851108,866.1,160.8,3.434
1851110,868.5,159.8,3.463
1851112,869.2,161.3,3.469
1851114,869.6,161.3,3.435
1851116,868.9,160.9,3.46
1851118,865.8,160.9,3.455
1851120,867.8,160.6,3.443
1851122,868.2,160.3,3.458
1851124,868.7,164.3,3.466
1851126,864.7,163.3,3.472
1851128,867.2,160.6,3.453
1851130,868.0,160.6,3.457
1851132,867.2,162.1,3.466
1851134,868.3,163.4,3.458
1851136,868.1,161.0,3.443
1851138,866.2,163.9,3.454
1851140,866.2,161.5,3.465
1851142,867.5,161.7,3.455
1851144,865.3,159.1,3.462
1851146,869.1,161.6,3.475
1851148,868.1,161.4,3.447
1851150,866.5,162.6,3.443
1851152,867.0,160.0,3.451
1851154,867.0,162.7,3.472
1851156,865.9,162.7,3.458
1851158,867.5,159.8,3.456
1851160,867.4,164.3,3.466
1851162,865.6,158.4,3.48
1851164,865.7,160.9,3.47
1851166,867.4,160.4,3.447
1851168,866.3,160.4,3.477
1851170,869.2,161.7,3.461
1851172,865.3,160.0,3.438
1851174,867.8,160.2,3.445
1851176,867.0,160.2,3.471
1851178,868.0,161.2,3.478
1851180,866.5,158.3,3.462
1851182,865.9,160.4,3.477
1851184,864.6,161.2,3.455
1851186,868.1,163.1,3.461
1851188,867.2,164.0,3.456
1851190,867.4,162.9,3.49
1851192,863.7,160.6,3.467
1851194,869.6,161.7,3.484
1851196,867.6,161.0,3.483
1851198,868.1,158.6,3.481
1851200,867.3,162.7,3.476
1851202,864.3,159.1,3.455
1851204,867.6,160.6,3.507
1851206,869.0,160.3,3.474
1851208,867.7,161.9,3.473
1851210,869.8,157.0,3.499
1851212,864.8,161.2,3.475
1851214,865.7,158.7,3.487
1851216,867.8,162.7,3.486
1851218,866.7,162.4,3.484
1851220,868.0,162.7,3.482
1851222,868.9,163.2,3.466
1851224,870.2,162.2,3.481
1851226,865.1,160.3,3.466
1851228,866.2,161.0,3.471
1851230,867.3,161.3,3.478
1851232,865.9,163.3,3.475
1851234,868.1,158.7,3.502
1851236,866.1,161.3,3.455
1851238,869.2,159.5,3.477
1851240,866.2,161.2,3.502
1851242,866.8,160.0,3.47
1851244,865.3,161.9,3.458
1851246,867.1,158.3,3.47
1851248,864.2,162.2,3.477
1851250,862.5,161.6,3.483
1851252,865.1,162.5,3.495
1851254,866.2,162.4,3.466
1851256,867.1,162.6,3.488
1851258,867.0,159.9,3.49
1851260,865.7,160.1,3.503
1851262,866.4,162.0,3.48
1851264,866.9,158.8,3.498
1851266,867.9,162.8,3.478
1851268,866.4,158.2,3.481
1851270,866.8,161.9,3.506
1851272,869.4,160.9,3.463
1851274,868.5,162.8,3.497
1851276,869.2,161.3,3.499
1851278,869.7,159.0,3.493
1851280,868.9,159.4,3.496
1851282,867.0,162.2,3.5
1851284,864.1,165.3,3.483
1851286,869.3,163.6,3.489
1851288,867.6,161.3,3.47
1851290,864.6,162.6,3.503
1851292,867.3,161.8,3.483
1851294,868.8,161.6,3.494
1851296,866.3,160.6,3.489
1851298,865.8,157.8,3.512
1851300,868.2,159.5,3.497
1851302,871.0,160.9,3.515
1851304,869.8,161.1,3.473
1851306,868.0,163.1,3.485
1851308,866.2,162.3,3.492
1851310,866.1,161.3,3.477
1851312,864.8,159.3,3.474
1851314,867.5,158.2,3.496
1851316,865.6,162.0,3.497
1851318,867.7,163.3,3.479
1851320,865.8,161.8,3.499
1851322,867.1,160.8,3.469
1851324,866.0,160.5,3.492
1851326,867.3,158.7,3.489
1851328,867.1,163.2,3.501
1851330,870.1,160.6,3.509
1851332,868.9,161.7,3.502
1851334,868.1,160.4,3.499
1851336,863.5,160.9,3.489
1851338,866.7,160.2,3.512
1851340,865.1,159.3,3.485
1851342,868.8,161.1,3.484
1851344,866.0,164.1,3.485
1851346,867.1,162.2,3.488
1851348,866.2,158.7,3.514
1851350,867.4,162.4,3.521
1851352,865.7,161.0,3.488
1851354,869.2,163.3,3.504
1851356,867.5,161.2,3.484
1851358,870.6,161.6,3.476
1851360,868.3,162.7,3.489
1851362,868.6,161.2,3.518
1851364,868.9,161.3,3.481
1851366,867.8,162.3,3.495
1851368,862.8,161.6,3.489
1851370,869.2,162.9,3.519
1851372,866.7,159.7,3.489
1851374,865.5,161.9,3.481
1851376,868.5,163.0,3.501
1851378,867.2,161.1,3.491
1851380,868.6,163.4,3.483
1851382,868.4,159.7,3.475
1851384,865.0,160.6,3.499
1851386,867.5,158.4,3.497
1851388,867.5,161.1,3.496
1851390,868.7,160.9,3.501
1851392,867.4,160.5,3.5
1851394,867.4,160.2,3.518
1851396,869.5,161.5,3.499
1851398,867.8,160.2,3.504
1851400,868.4,160.1,3.503
1851402,866.5,160.6,3.497
1851404,868.1,161.5,3.519
1851406,868.2,158.1,3.495
1851408,870.2,162.0,3.497
1851410,868.9,159.8,3.498
1851412,868.6,161.4,3.497
1851414,868.3,160.6,3.495
1851416,868.3,160.9,3.502
1851418,868.5,160.0,3.504
1851420,869.7,163.5,3.514
1851422,868.2,160.8,3.507
1851424,870.7,162.3,3.487
1851426,866.6,161.9,3.502
1851428,867.9,160.6,3.486
1851430,868.0,161.0,3.498
1851432,869.0,159.6,3.512
1851434,869.9,160.3,3.48
1851436,868.3,163.0,3.486
1851438,869.2,162.2,3.483
1851440,869.3,161.6,3.492
1851442,866.7,160.7,3.504
1851444,870.0,161.7,3.502
1851446,867.2,164.2,3.511
1851448,868.6,162.7,3.493
1851450,867.2,159.6,3.529
1851452,866.8,160.9,3.501
1851454,867.8,161.3,3.483
1851456,868.4,162.5,3.479
1851458,870.3,162.3,3.504
1851460,867.5,161.1,3.495
1851462,870.6,161.0,3.495
1851464,869.3,161.2,3.502
1851466,871.0,164.5,3.514
1851468,868.5,163.5,3.497
1851470,867.8,162.4,3.53
1851472,871.4,161.9,3.508
1851474,869.8,162.3,3.505
1851476,870.0,161.4,3.516
1851478,866.6,161.5,3.523
1851480,866.7,162.6,3.514
1851482,866.9,163.4,3.502
1851484,867.6,161.8,3.509
1851486,869.0,161.8,3.504
1851488,869.3,165.5,3.509
1851490,867.8,163.9,3.495
1851492,867.5,160.7,3.521
1851494,867.8,163.4,3.487
1851496,868.8,162.3,3.506
1851498,868.6,162.3,3.498
1851500,869.6,162.6,3.514
1851502,872.5,160.9,3.537
1851504,867.3,161.3,3.488
1851506,871.1,164.4,3.503
1851508,868.8,161.7,3.505
1851510,871.6,160.8,3.506
1851512,869.8,160.6,3.527
1851514,868.2,161.9,3.501
1851516,869.2,162.6,3.501
1851518,867.8,161.5,3.515
1851520,869.6,163.8,3.486
1851522,868.0,162.2,3.49
1851524,869.9,162.3,3.489
1851526,871.7,163.0,3.491
1851528,868.1,163.6,3.492
1851530,870.7,161.2,3.51
1851532,869.4,161.4,3.509
1851534,868.8,163.3,3.493
1851536,867.5,161.2,3.484
1851538,869.1,163.4,3.519
1851540,872.0,161.0,3.49
1851542,875.5,158.2,3.48
1851544,878.2,159.1,3.499
1851546,891.0,158.0,3.503
1851548,903.5,154.9,3.492
1851550,922.8,154.7,3.496
1851552,943.2,154.5,3.495
1851554,963.9,155.3,3.477
1851556,984.8,154.8,3.51
1851558,1004.1,154.8,3.498
1851560,1015.6,158.5,3.488
1851562,1028.9,158.1,3.504
1851564,1033.0,160.7,3.502
1851566,1038.0,163.3,3.511
1851568,1036.7,165.7,3.487
1851570,1038.9,159.5,3.495
1851572,1037.0,164.1,3.51
1851574,1038.4,160.3,3.492
1851576,1037.8,162.1,3.491
1851578,1038.3,161.0,3.494
1851580,1036.1,163.5,3.483
1851582,1039.4,159.6,3.493
1851584,1035.8,159.7,3.475
1851586,1036.7,163.6,3.505
1851588,1034.4,163.5,3.479
1851590,1038.5,164.2,3.499
1851592,1037.9,162.9,3.5
1851594,1036.1,160.5,3.474
1851596,1037.1,161.3,3.487
1851598,1036.8,159.8,3.485
1851600,1037.9,161.5,3.494
1851602,1039.6,160.9,3.477
1851604,1036.2,162.2,3.509
1851606,1038.6,161.2,3.485
1851608,1036.3,162.6,3.47
1851610,1038.0,161.1,3.492
1851612,1037.0,162.0,3.475
1851614,1036.9,163.7,3.496
1851616,1038.6,161.0,3.491
1851618,1036.5,160.5,3.49
1851620,1038.2,161.0,3.504
1851622,1037.1,163.3,3.493
1851624,1035.3,162.2,3.493
1851626,1035.5,161.8,3.489
1851628,1037.7,163.2,3.493
1851630,1035.9,163.9,3.49
1851632,1037.7,160.6,3.483
1851634,1035.9,163.4,3.499
1851636,1035.4,162.1,3.486
1851638,1035.6,162.6,3.487
1851640,1035.3,161.9,3.479
1851642,1035.8,161.8,3.491
1851644,1036.3,159.9,3.485
1851646,1036.2,161.7,3.501
1851648,1035.1,162.5,3.497
1851650,1033.3,161.7,3.493
1851652,1038.0,163.3,3.465
1851654,1036.7,161.7,3.49
1851656,1037.8,163.2,3.472
1851658,1036.7,161.3,3.488
1851660,1038.3,162.5,3.491
1851662,1034.1,161.0,3.501
1851664,1034.7,161.6,3.492
1851666,1038.1,163.1,3.505
1851668,1035.2,161.6,3.464
1851670,1039.1,161.7,3.484
1851672,1037.7,158.7,3.495
1851674,1035.7,159.9,3.484
1851676,1033.0,159.7,3.485
1851678,1035.7,162.8,3.471
1851680,1034.0,160.6,3.478
1851682,1035.5,163.0,3.474
1851684,1036.1,161.6,3.486
1851686,1035.1,163.4,3.483
1851688,1038.9,161.7,3.488
1851690,1034.4,162.7,3.485
1851692,1036.4,163.1,3.496
1851694,1037.1,161.6,3.494
1851696,1037.4,163.1,3.483
1851698,1036.9,163.8,3.466
1851700,1035.2,161.7,3.47
1851702,1035.3,162.2,3.482
1851704,1034.6,163.5,3.48
1851706,1035.7,162.9,3.496
1851708,1033.3,162.1,3.488
1851710,1038.3,161.1,3.496
1851712,1034.2,160.5,3.478
1851714,1036.7,164.1,3.463
1851716,1037.3,162.9,3.468
1851718,1036.0,161.8,3.467
1851720,1036.5,161.3,3.465
1851722,1035.3,164.3,3.484
1851724,1035.3,163.8,3.497
1851726,1037.4,163.1,3.494
1851728,1035.8,162.6,3.475
1851730,1036.9,162.9,3.481
1851732,1039.1,163.3,3.469
1851734,1036.2,162.9,3.481
1851736,1039.1,161.3,3.471
1851738,1037.2,162.6,3.488
1851740,1040.4,163.5,3.48
1851742,1035.2,163.4,3.472
1851744,1037.7,165.8,3.465
1851746,1038.5,163.3,3.472
1851748,1037.5,163.7,3.472
1851750,1037.6,163.2,3.488
1851752,1036.9,163.7,3.487
1851754,1036.4,162.0,3.461
1851756,1036.2,165.1,3.481
1851758,1034.4,166.5,3.47
1851760,1038.0,163.4,3.484
1851762,1036.0,164.4,3.45
1851764,1038.4,164.6,3.485
1851766,1034.4,164.4,3.466
1851768,1036.3,165.8,3.491
1851770,1034.8,162.5,3.479
1851772,1036.9,165.0,3.492
1851774,1037.3,164.3,3.471
1851776,1035.4,162.7,3.488
1851778,1037.6,163.9,3.484
1851780,1037.3,163.4,3.485
1851782,1036.2,165.0,3.471
1851784,1037.2,164.0,3.462
1851786,1034.8,163.0,3.464
1851788,1037.3,163.5,3.456
1851790,1038.7,164.5,3.499
1851792,1038.7,162.1,3.463
1851794,1039.8,164.1,3.461
1851796,1037.3,162.6,3.472
1851798,1037.9,163.3,3.476
1851800,1036.1,163.9,3.476
1851802,1036.8,163.0,3.471
1851804,1034.3,164.2,3.468
1851806,1036.0,163.0,3.466
1851808,1040.0,164.6,3.441
1851810,1037.5,163.8,3.455
1851812,1036.0,164.9,3.487
1851814,1038.8,165.3,3.471
1851816,1037.9,164.5,3.469
1851818,1038.4,162.1,3.473
1851820,1036.8,160.5,3.467
1851822,1038.0,166.0,3.463
1851824,1038.7,161.7,3.47
1851826,1039.8,163.7,3.486
1851828,1039.6,164.6,3.483
1851830,1038.0,164.5,3.476
1851832,1039.5,163.2,3.476
1851834,1038.6,160.9,3.46
1851836,1032.2,162.4,3.461
1851838,1035.6,162.8,3.479
1851840,1037.5,162.6,3.475
1851842,1039.4,163.2,3.459
1851844,1038.5,160.8,3.474
1851846,1036.7,162.4,3.466
1851848,1036.7,162.2,3.46
1851850,1040.3,165.2,3.446
1851852,1038.5,161.6,3.477
1851854,1039.0,161.1,3.487
1851856,1039.0,163.4,3.457
1851858,1036.8,161.8,3.471
1851860,1035.8,161.7,3.456
1851862,1039.1,161.5,3.454
1851864,1036.4,162.1,3.468
1851866,1039.1,161.6,3.48
1851868,1040.0,162.3,3.461
1851870,1038.3,161.7,3.455
1851872,1038.8,162.6,3.474
1851874,1036.6,164.3,3.476
1851876,1035.6,163.1,3.464
1851878,1038.7,163.6,3.449
1851880,1036.4,164.4,3.453
1851882,1035.8,163.2,3.463
1851884,1037.2,165.8,3.456
1851886,1035.0,162.5,3.465
1851888,1034.9,161.1,3.461
1851890,1036.5,163.1,3.454
1851892,1034.9,164.0,3.46
1851894,1038.1,164.4,3.458
1851896,1034.7,160.0,3.466
1851898,1038.1,160.2,3.463
1851900,1038.0,162.5,3.458
1851902,1036.4,161.0,3.469
1851904,1037.8,161.9,3.474
1851906,1038.8,162.1,3.456
1851908,1041.4,161.2,3.446
1851910,1042.5,163.5,3.476
1851912,1046.2,168.4,3.451
1851914,1049.5,174.4,3.452
1851916,1049.6,185.1,3.484
1851918,1051.5,196.6,3.46
1851920,1053.8,212.3,3.45
1851922,1052.8,235.5,3.46
1851924,1051.3,259.2,3.468
1851926,1047.9,288.2,3.471
1851928,1047.8,319.1,3.445
1851930,1042.9,352.2,3.467
1851932,1039.4,390.2,3.457
1851934,1036.4,429.7,3.462
1851936,1032.2,468.9,3.444
1851938,1025.1,514.6,3.459
1851940,1018.2,554.5,3.457
1851942,1013.7,597.0,3.461
1851944,1007.7,643.1,3.471
1851946,999.5,680.8,3.456
1851948,995.1,722.3,3.457
1851950,988.0,756.4,3.447
1851952,981.1,792.9,3.458
1851954,974.9,821.5,3.445
1851956,972.2,849.4,3.458
1851958,962.9,872.7,3.456
1851960,957.7,892.6,3.459
1851962,952.7,908.4,3.463
1851964,949.2,923.2,3.473
1851966,943.3,928.2,3.471
1851968,940.2,934.9,3.449
1851970,935.9,937.4,3.453
1851972,932.5,939.1,3.464
1851974,932.3,937.8,3.459
1851976,929.7,935.9,3.461
1851978,930.3,939.1,3.454
1851980,929.2,937.3,3.465
1851982,929.1,935.8,3.469
1851984,930.9,939.9,3.451
1851986,928.5,937.3,3.429
1851988,926.3,938.2,3.485
1851990,929.5,937.4,3.473
1851992,927.2,936.3,3.482
1851994,931.1,938.6,3.464
1851996,928.2,939.0,3.457
1851998,930.5,938.5,3.44
1852000,930.1,942.6,3.421
1852002,930.1,945.1,3.381
1852004,929.7,949.5,3.343
1852006,932.9,956.3,3.298
1852008,928.3,961.3,3.249
1852010,928.7,968.3,3.182
1852012,929.0,975.3,3.112
1852014,929.3,984.7,3.032
1852016,928.3,994.0,2.946
1852018,928.0,1003.7,2.843
1852020,930.2,1015.3,2.768
1852022,927.5,1028.7,2.656
1852024,932.1,1040.7,2.545
1852026,931.2,1053.5,2.406
1852028,929.5,1065.7,2.271
1852030,931.1,1085.7,2.141
1852032,930.5,1099.6,1.993
1852034,,,
1852036,,,
1852038,,,
1852040,,,
1852042,,,
1852044,,,
1852046,,,
1852048,,,
1852050,,,
1852052,,,
1852054,,,
1852056,,,
1852058,,,
1852060,,,
1852062,,,
1852064,,,
1852066,,,
1852068,,,
1852070,,,
1852072,,,
1852074,,,
1852076,,,
1852078,,,
1852080,,,
1852082,,,
1852084,,,
1852086,,,
1852088,,,
1852090,,,
1852092,,,
1852094,,,
1852096,,,
1852098,,,
1852100,,,
1852102,,,
1852104,,,
1852106,,,
1852108,,,
1852110,,,
1852112,,,
1852114,,,
1852116,,,
1852118,,,
1852120,,,
1852122,,,
1852124,,,
1852126,,,
1852128,,,
1852130,,,
1852132,,,
1852134,,,
1852136,,,
1852138,,,
1852140,,,
1852142,,,
1852144,,,
1852146,,,
1852148,,,
1852150,,,
1852152,,,
1852154,,,
1852156,,,
1852158,,,
1852160,,,
1852162,,,
1852164,,,
1852166,,,
1852168,,,
1852170,,,
1852172,,,
1852174,,,
1852176,,,
1852178,,,
1852180,,,
1852182,,,
1852184,,,
1852186,,,
1852188,,,
1852190,,,
1852192,,,
1852194,,,
1852196,,,
1852198,,,
1852200,,,
1852202,,,
1852204,,,
1852206,,,
1852208,,,
1852210,,,
1852212,,,
1852214,,,
1852216,,,
1852218,,,
1852220,,,
1852222,,,
1852224,,,
1852226,,,
1852228,,,
1852230,,,
1852232,,,
1852234,,,
1852236,,,
1852238,,,
1852240,929.5,1054.3,2.306
1852242,930.5,1047.6,2.379
1852244,931.5,1044.7,2.426
1852246,930.2,1037.3,2.494
1852248,932.7,1032.1,2.564
1852250,931.3,1026.6,2.62
1852252,929.7,1018.9,2.655
1852254,931.6,1016.4,2.749
1852256,931.9,1009.6,2.79
1852258,930.9,1005.2,2.842
1852260,930.2,998.5,2.887
1852262,930.3,995.7,2.926
1852264,930.7,988.5,2.986
1852266,929.9,984.4,3.033
1852268,931.0,981.0,3.05
1852270,932.3,978.2,3.099
1852272,930.7,974.5,3.123
1852274,929.4,969.3,3.168
1852276,930.1,967.7,3.188
1852278,929.0,963.9,3.232
1852280,929.9,961.2,3.269
1852282,929.4,958.8,3.302
1852284,930.0,958.2,3.323
1852286,931.3,955.6,3.354
1852288,930.5,953.2,3.372
1852290,930.2,953.5,3.357
1852292,930.2,950.3,3.411
1852294,931.4,945.5,3.407
1852296,930.2,946.4,3.425
1852298,931.3,942.8,3.437
1852300,930.0,947.8,3.432
1852302,930.1,946.3,3.45
1852304,932.1,941.3,3.478
1852306,928.7,941.6,3.462
1852308,927.4,943.0,3.463
1852310,930.9,944.1,3.472
1852312,931.2,942.6,3.453
1852314,931.8,940.6,3.461
1852316,930.0,941.5,3.469
1852318,930.6,941.8,3.458
1852320,927.6,945.0,3.479
1852322,931.7,939.0,3.483
1852324,929.4,939.6,3.47
1852326,930.6,943.4,3.472
1852328,933.3,941.0,3.472
1852330,930.3,942.1,3.455
1852332,932.8,942.7,3.473
1852334,928.2,943.5,3.444
1852336,927.5,942.0,3.473
1852338,931.6,943.1,3.463
1852340,928.1,943.0,3.464
1852342,930.0,941.5,3.484
1852344,928.5,945.2,3.46
1852346,929.8,944.1,3.473
1852348,931.7,941.1,3.466
1852350,931.4,941.5,3.459
1852352,929.8,943.9,3.47
1852354,929.9,942.7,3.481
1852356,932.6,941.8,3.457
1852358,929.0,941.2,3.477
1852360,930.7,941.4,3.477
1852362,931.2,942.7,3.482
1852364,929.9,943.7,3.46
1852366,928.9,940.9,3.463
1852368,928.1,940.5,3.462
1852370,927.6,941.8,3.459
1852372,928.6,942.4,3.484
1852374,928.2,942.4,3.474
1852376,929.1,942.4,3.464
1852378,929.8,941.8,3.469
1852380,928.2,940.8,3.466
1852382,929.5,940.1,3.477
1852384,929.3,940.8,3.455
1852386,926.6,940.9,3.477
1852388,929.4,940.7,3.458
1852390,926.7,940.8,3.485
1852392,928.0,941.4,3.488
1852394,927.3,942.9,3.47
1852396,928.1,942.0,3.458
1852398,928.7,941.2,3.451
1852400,927.6,941.9,3.467
1852402,929.2,942.7,3.477
1852404,928.4,942.4,3.463
1852406,930.2,942.4,3.493
1852408,931.4,943.0,3.478
1852410,927.9,944.0,3.47
1852412,929.9,946.0,3.474
1852414,927.7,942.5,3.465
1852416,931.6,942.7,3.481
1852418,928.8,943.5,3.483
1852420,929.1,942.3,3.474
1852422,928.7,941.1,3.445
1852424,929.7,942.4,3.486
1852426,929.4,941.3,3.502
1852428,928.6,944.4,3.465
1852430,929.7,939.8,3.478
1852432,930.1,944.5,3.462
1852434,931.3,942.6,3.475
1852436,933.0,942.8,3.479
1852438,928.3,943.4,3.492
1852440,929.2,941.5,3.477
1852442,929.2,944.0,3.475
1852444,929.9,942.2,3.489
1852446,932.2,945.7,3.472
1852448,929.6,944.1,3.459
1852450,928.9,941.7,3.481
1852452,928.8,940.0,3.464
1852454,929.6,943.6,3.457
1852456,927.0,942.8,3.473
1852458,929.8,941.3,3.461
1852460,931.6,942.4,3.488
1852462,929.8,941.2,3.489
1852464,928.8,941.3,3.497
1852466,930.0,942.0,3.485
1852468,928.0,946.2,3.495
1852470,928.7,945.5,3.478
1852472,930.6,943.8,3.478
1852474,930.9,941.3,3.451
1852476,933.6,943.6,3.469
1852478,930.3,945.7,3.476
1852480,929.8,944.1,3.475
1852482,928.5,941.7,3.497
1852484,931.1,944.5,3.484
1852486,930.1,943.5,3.481
1852488,929.8,944.8,3.465
1852490,930.2,942.6,3.464
1852492,929.1,944.0,3.466
1852494,926.5,945.5,3.487
1852496,928.2,942.6,3.473
1852498,927.8,942.4,3.472
1852500,930.4,939.8,3.48
1852502,928.7,944.6,3.46
1852504,927.8,943.9,3.477
1852506,931.7,943.6,3.479
1852508,931.2,942.2,3.486
1852510,931.4,939.8,3.486
1852512,930.3,945.2,3.464
1852514,929.6,942.0,3.49
1852516,928.5,938.7,3.506
1852518,930.1,942.7,3.479
1852520,928.7,940.9,3.501
1852522,929.1,943.1,3.468
1852524,931.2,941.7,3.49
1852526,928.5,943.7,3.488
1852528,932.8,939.2,3.479
1852530,927.7,944.5,3.489
1852532,925.3,944.1,3.495
1852534,922.0,941.4,3.499
1852536,916.0,936.8,3.485
1852538,910.1,932.6,3.507
1852540,907.5,923.8,3.487
1852542,895.1,908.7,3.498
1852544,882.0,892.9,3.473
1852546,873.1,870.0,3.471
1852548,865.6,849.7,3.498
1852550,851.5,821.6,3.485
1852552,836.0,791.1,3.508
1852554,819.8,759.5,3.497
1852556,801.7,724.4,3.478
1852558,787.3,686.3,3.475
1852560,768.0,648.5,3.478
1852562,751.0,608.3,3.479
1852564,734.1,570.0,3.473
1852566,714.5,529.4,3.487
1852568,698.9,487.9,3.496
1852570,686.2,451.0,3.486
1852572,666.0,410.8,3.49
1852574,654.8,375.9,3.486
1852576,641.5,342.9,3.493
1852578,627.2,313.5,3.522
1852580,621.8,284.2,3.498
1852582,612.6,258.1,3.507
1852584,603.7,235.2,3.507
1852586,601.2,215.7,3.496
1852588,596.3,201.3,3.497
1852590,592.6,190.7,3.483
1852592,593.8,185.5,3.517
1852594,593.1,174.7,3.495
1852596,595.7,173.6,3.516
1852598,595.9,169.7,3.485
1852600,599.8,166.2,3.513
1852602,600.6,166.8,3.485
1852604,598.7,168.0,3.486
1852606,600.2,165.3,3.5
1852608,599.8,168.5,3.513
1852610,599.0,167.1,3.501
1852612,599.7,169.1,3.509
1852614,602.6,170.0,3.492
1852616,598.4,169.9,3.507
1852618,598.0,168.4,3.473
1852620,601.9,164.6,3.502
1852622,597.9,168.8,3.503
1852624,599.4,167.0,3.501
1852626,598.7,166.8,3.496
1852628,601.1,168.0,3.504
1852630,597.5,165.8,3.493
1852632,600.0,170.2,3.496
1852634,600.4,168.1,3.493
1852636,600.8,165.2,3.499
1852638,601.2,166.8,3.496
1852640,599.4,164.3,3.51
1852642,599.8,167.7,3.481
1852644,597.8,168.9,3.513
1852646,600.9,168.8,3.505
1852648,600.1,166.8,3.506
1852650,600.6,168.6,3.498
1852652,599.3,169.4,3.517
1852654,602.4,170.6,3.512
1852656,600.4,168.8,3.503
1852658,599.6,168.4,3.505
1852660,600.7,166.4,3.511
1852662,600.4,170.2,3.491
1852664,597.4,167.1,3.49
1852666,599.2,168.1,3.488
1852668,600.0,166.8,3.511
1852670,600.2,168.0,3.503
1852672,603.0,169.4,3.489
1852674,599.9,169.6,3.505
1852676,602.8,169.2,3.492
1852678,600.2,168.1,3.506
1852680,602.2,167.6,3.502
1852682,598.0,168.7,3.493
1852684,598.9,169.3,3.485
1852686,600.5,168.7,3.495
1852688,601.3,170.7,3.508
1852690,599.6,168.1,3.479
1852692,602.6,169.6,3.492
1852694,601.1,167.5,3.503
1852696,600.6,168.9,3.504
1852698,601.4,169.2,3.507
1852700,598.6,166.7,3.488
1852702,599.7,170.2,3.502
1852704,605.0,168.2,3.5
1852706,602.0,170.9,3.501
1852708,602.2,170.2,3.496
1852710,600.0,167.8,3.512
1852712,598.2,170.7,3.511
1852714,602.2,168.3,3.51
1852716,599.1,169.5,3.513
1852718,600.1,167.3,3.521
1852720,600.4,169.5,3.506
1852722,601.1,169.0,3.507
1852724,600.6,168.7,3.497
1852726,599.7,169.4,3.511
1852728,600.0,169.1,3.527
1852730,600.2,168.2,3.5
1852732,600.3,168.0,3.491
1852734,599.6,171.8,3.483
1852736,600.8,168.8,3.504
1852738,601.7,169.5,3.496
1852740,599.1,165.7,3.496
1852742,598.6,167.1,3.496
1852744,599.3,167.1,3.509
1852746,599.1,170.8,3.511
1852748,599.2,167.2,3.511
1852750,601.5,169.5,3.514
1852752,599.4,169.9,3.513
1852754,598.5,170.1,3.504
1852756,602.0,168.6,3.527
1852758,599.3,167.0,3.51
1852760,602.5,167.1,3.509
1852762,598.7,171.0,3.507
1852764,598.7,169.5,3.487
1852766,599.7,168.5,3.521
1852768,599.6,169.4,3.496
1852770,598.6,166.0,3.513
1852772,599.0,167.6,3.507
1852774,600.1,164.6,3.505
1852776,599.0,165.1,3.51
1852778,598.4,169.4,3.501
1852780,598.8,167.5,3.498
1852782,599.7,168.3,3.518
1852784,597.5,167.4,3.501
1852786,601.1,165.5,3.516
1852788,600.7,169.1,3.492
1852790,599.7,167.6,3.509
1852792,600.3,171.4,3.509
1852794,602.3,166.9,3.523
1852796,599.5,168.4,3.511
1852798,600.0,166.9,3.523
1852800,599.8,169.1,3.492
1852802,599.4,166.8,3.483
1852804,600.3,169.0,3.511
1852806,600.6,168.3,3.493
1852808,600.5,168.8,3.517
1852810,599.9,166.4,3.514
1852812,600.9,166.4,3.504
1852814,600.1,167.7,3.518
1852816,600.9,167.7,3.485
1852818,599.1,166.5,3.486
1852820,601.4,166.4,3.511
1852822,600.9,166.4,3.495
1852824,603.3,169.9,3.489
1852826,600.0,167.8,3.499
1852828,603.1,168.1,3.524
1852830,602.0,167.2,3.513
1852832,599.7,166.8,3.502
1852834,603.3,166.9,3.507
1852836,601.9,167.6,3.525
1852838,602.8,166.2,3.486
1852840,603.1,165.9,3.536
1852842,603.6,166.3,3.505
1852844,603.5,166.7,3.507
1852846,603.0,167.7,3.512
1852848,602.5,168.0,3.492
1852850,602.8,167.2,3.524
1852852,601.6,168.5,3.512
1852854,601.6,168.2,3.502
1852856,603.4,166.8,3.507
1852858,600.9,165.0,3.519
1852860,601.9,168.3,3.505
1852862,602.5,167.7,3.516
1852864,601.5,166.4,3.499
1852866,602.3,169.5,3.502
1852868,600.4,165.9,3.512
1852870,598.4,166.5,3.514
1852872,602.4,167.5,3.485
1852874,602.1,168.9,3.517
1852876,601.5,165.8,3.507
1852878,602.5,169.0,3.505
1852880,601.2,168.8,3.524
1852882,602.9,168.2,3.504
1852884,603.7,166.5,3.534
1852886,600.6,166.2,3.485
1852888,600.4,168.9,3.5
1852890,601.8,165.5,3.505
1852892,598.9,167.7,3.516
1852894,603.0,166.4,3.509
1852896,599.1,164.4,3.497
1852898,600.9,169.2,3.5
1852900,601.2,166.5,3.496
1852902,602.5,168.4,3.524
1852904,600.8,168.0,3.513
1852906,601.0,167.9,3.512
1852908,599.1,166.6,3.505
1852910,600.3,164.9,3.513
1852912,599.3,165.3,3.509
1852914,598.9,165.4,3.516
1852916,601.8,166.3,3.513
1852918,600.5,165.7,3.515
1852920,602.2,166.2,3.506
1852922,598.0,164.6,3.502
1852924,598.7,166.1,3.502
1852926,604.8,166.3,3.499
1852928,600.4,168.3,3.501
1852930,600.6,165.3,3.487
1852932,600.8,167.0,3.498
1852934,602.8,167.5,3.503
1852936,599.6,165.7,3.499
1852938,602.5,167.3,3.523
1852940,601.3,167.2,3.501
1852942,602.6,167.9,3.521
1852944,602.6,166.8,3.503
1852946,603.1,168.7,3.522
1852948,600.8,168.4,3.528
1852950,602.0,165.0,3.525
1852952,603.3,165.1,3.526
1852954,602.9,164.8,3.513
1852956,600.5,166.1,3.499
1852958,599.5,168.2,3.498
1852960,602.7,167.1,3.506
1852962,602.2,168.1,3.542
1852964,602.5,168.5,3.503
1852966,604.0,166.3,3.504
1852968,609.3,167.0,3.518
1852970,616.3,163.5,3.511
1852972,625.0,165.1,3.498
1852974,639.5,167.6,3.509
1852976,652.9,164.5,3.509
1852978,671.5,164.2,3.506
1852980,691.3,166.6,3.493
1852982,704.4,166.6,3.52
1852984,720.4,164.5,3.497
1852986,733.9,166.7,3.506
1852988,740.1,165.7,3.488
1852990,750.4,165.3,3.511
1852992,755.5,167.1,3.506
1852994,757.7,167.4,3.477
1852996,755.6,170.7,3.485
1852998,755.9,167.3,3.501
1853000,756.1,169.7,3.52
1853002,757.5,167.9,3.493
1853004,757.5,168.5,3.512
1853006,756.1,171.4,3.518
1853008,756.6,168.6,3.509
1853010,754.7,168.4,3.513
1853012,754.5,166.7,3.505
1853014,756.4,171.4,3.497
1853016,758.0,169.0,3.538
1853018,755.1,168.9,3.509
1853020,755.5,169.8,3.485
1853022,758.0,169.1,3.51
1853024,758.7,172.0,3.522
1853026,756.6,170.9,3.503
1853028,756.6,170.1,3.48
1853030,758.4,170.0,3.501
1853032,757.6,170.6,3.52
1853034,754.6,169.5,3.5
1853036,758.5,167.9,3.528
1853038,755.0,169.0,3.514
1853040,759.3,169.4,3.514
1853042,757.8,170.7,3.494
1853044,757.2,169.3,3.517
1853046,757.0,169.6,3.497
1853048,758.7,172.5,3.514
1853050,756.9,169.8,3.523
1853052,756.8,169.1,3.486
1853054,755.0,169.1,3.489
1853056,759.4,168.4,3.5
1853058,755.8,170.7,3.513
1853060,755.4,169.2,3.524
1853062,759.1,171.1,3.509
1853064,755.9,167.7,3.46
1853066,756.2,170.3,3.492
1853068,756.7,170.0,3.517
1853070,757.7,169.1,3.505
1853072,756.1,170.0,3.509
1853074,759.9,168.9,3.491
1853076,752.6,171.1,3.518
1853078,756.7,170.2,3.504
1853080,756.2,168.7,3.515
1853082,755.9,169.1,3.509
1853084,753.9,167.7,3.511
1853086,755.7,168.3,3.496
1853088,756.8,169.1,3.487
1853090,755.2,168.1,3.514
1853092,756.2,166.4,3.496
1853094,756.0,167.1,3.494
1853096,758.3,170.7,3.499
1853098,755.7,167.8,3.476
1853100,755.5,170.9,3.505
1853102,755.5,168.5,3.477
1853104,756.1,169.3,3.51
1853106,757.6,167.2,3.508
1853108,757.5,169.6,3.512
1853110,758.5,167.4,3.532
1853112,756.5,165.1,3.517
1853114,757.5,171.5,3.491
1853116,756.0,168.6,3.516
1853118,758.7,167.9,3.502
1853120,756.6,170.2,3.49
1853122,755.3,169.9,3.532
1853124,755.5,167.8,3.508
1853126,756.9,167.4,3.5
1853128,755.0,170.4,3.496
1853130,754.0,170.8,3.502
1853132,756.9,168.2,3.511
1853134,756.0,165.6,3.492
1853136,756.5,170.3,3.509
1853138,754.3,169.6,3.51
1853140,755.7,168.5,3.506
1853142,757.2,171.1,3.505
1853144,758.0,167.6,3.499
1853146,756.7,170.8,3.5
1853148,756.1,170.4,3.483
1853150,754.2,168.2,3.493
1853152,758.3,168.3,3.51
1853154,755.4,167.8,3.533
1853156,755.8,170.4,3.483
1853158,754.9,168.9,3.509
1853160,757.5,169.3,3.496
1853162,754.9,168.7,3.51
1853164,756.8,169.8,3.5
1853166,756.5,167.7,3.508
1853168,755.9,169.2,3.507
1853170,756.7,172.4,3.497
1853172,755.3,167.6,3.503
1853174,757.1,170.2,3.48
1853176,756.8,172.7,3.498
1853178,756.0,171.1,3.48
1853180,755.0,169.6,3.51
1853182,755.0,169.7,3.489
1853184,756.1,172.9,3.514
1853186,757.6,171.0,3.514
1853188,757.2,171.7,3.495
1853190,756.9,170.9,3.509
1853192,755.8,169.0,3.511
1853194,756.0,169.5,3.502
1853196,757.2,171.2,3.484
1853198,757.1,168.9,3.485
1853200,755.7,170.0,3.507
1853202,756.9,171.4,3.502
1853204,756.8,167.9,3.517
1853206,754.8,169.7,3.504
1853208,758.6,167.2,3.491
1853210,756.1,169.1,3.493
1853212,759.1,170.6,3.481
1853214,755.8,168.3,3.492
1853216,756.9,169.5,3.493
1853218,755.1,171.3,3.501
1853220,755.6,171.2,3.497
1853222,757.2,170.0,3.488
1853224,756.9,169.5,3.497
1853226,757.7,170.3,3.48
1853228,754.8,168.7,3.499
1853230,756.6,168.3,3.497
1853232,758.0,169.5,3.507
1853234,756.4,171.8,3.496
1853236,754.5,169.4,3.508
1853238,757.7,168.1,3.501
1853240,757.0,168.8,3.486
1853242,758.6,168.3,3.508
1853244,755.1,168.2,3.523
1853246,756.5,168.3,3.515
1853248,754.9,170.4,3.498
1853250,755.8,168.0,3.514
1853252,753.9,169.8,3.517
1853254,755.2,170.2,3.501
1853256,756.2,171.8,3.483
1853258,756.1,169.1,3.495
1853260,757.9,170.7,3.49
1853262,754.4,171.0,3.526
1853264,753.7,169.5,3.487
1853266,756.9,166.6,3.495
1853268,754.3,169.5,3.489
1853270,756.9,167.9,3.506
1853272,760.4,168.0,3.498
1853274,759.1,170.0,3.49
1853276,758.6,168.2,3.495
1853278,758.6,168.9,3.496
1853280,754.3,167.6,3.484
1853282,756.4,168.9,3.499
1853284,755.2,169.3,3.483
1853286,757.7,168.4,3.489
1853288,757.5,168.9,3.498
1853290,756.2,169.3,3.493
1853292,757.2,170.3,3.495
1853294,756.4,168.0,3.502
1853296,756.2,166.6,3.477
1853298,756.5,167.9,3.5
1853300,761.2,166.5,3.467
1853302,757.9,171.4,3.496
1853304,757.5,169.3,3.471
1853306,756.8,169.4,3.495
1853308,755.5,169.4,3.494
1853310,757.4,171.3,3.504
1853312,755.2,170.8,3.484
1853314,758.8,169.6,3.485
1853316,758.7,170.8,3.484
1853318,758.3,168.6,3.481
1853320,757.0,169.1,3.508
1853322,757.1,171.1,3.473
1853324,756.9,169.3,3.484
1853326,757.2,168.8,3.479
1853328,757.5,168.2,3.486
1853330,756.1,167.7,3.491
1853332,761.6,166.3,3.512
1853334,766.4,167.7,3.494
1853336,776.4,167.2,3.508
1853338,792.1,164.6,3.505
1853340,808.0,163.9,3.487
1853342,822.4,166.0,3.481
1853344,842.5,163.5,3.502
1853346,856.0,165.8,3.459
1853348,874.4,167.6,3.49
1853350,884.2,166.8,3.505
1853352,889.3,168.1,3.485
1853354,891.3,168.3,3.482
1853356,891.2,166.6,3.491
1853358,894.3,166.8,3.497
1853360,891.4,167.7,3.509
1853362,895.7,171.5,3.48
1853364,892.7,169.7,3.497
1853366,891.1,169.7,3.487
1853368,894.5,170.1,3.464
1853370,892.6,171.9,3.5
1853372,890.8,170.9,3.482
1853374,893.5,168.9,3.503
1853376,892.1,168.3,3.496
1853378,891.8,169.4,3.485
1853380,892.2,168.1,3.477
1853382,892.7,167.9,3.491
1853384,893.0,167.7,3.47
1853386,893.6,168.7,3.472
1853388,893.0,170.1,3.473
1853390,891.6,169.1,3.494
1853392,894.2,169.3,3.48
1853394,891.5,169.3,3.471
1853396,892.9,169.7,3.493
1853398,892.1,168.3,3.482
1853400,893.2,170.1,3.478
1853402,892.9,167.1,3.493
1853404,892.8,170.5,3.501
1853406,891.2,168.2,3.486
1853408,891.1,170.6,3.487
1853410,893.6,168.8,3.48
1853412,892.4,168.6,3.492
1853414,893.1,168.3,3.488
1853416,893.4,170.5,3.474
1853418,892.5,167.0,3.474
1853420,891.8,171.2,3.489
1853422,892.6,169.9,3.476
1853424,892.4,169.4,3.476
1853426,891.9,167.5,3.495
1853428,892.4,167.4,3.505
1853430,890.8,167.7,3.479
1853432,892.6,168.1,3.466
1853434,892.2,170.6,3.475
1853436,893.8,169.1,3.471
1853438,891.6,167.5,3.46
1853440,893.8,168.0,3.48
1853442,891.4,166.1,3.487
1853444,894.0,167.8,3.472
1853446,894.8,168.7,3.455
1853448,892.4,167.6,3.476
1853450,890.5,165.8,3.492
1853452,891.9,168.9,3.467
1853454,891.0,168.6,3.476
1853456,889.7,166.7,3.469
1853458,892.4,169.2,3.485
1853460,894.0,168.0,3.471
1853462,891.4,168.0,3.479
1853464,894.9,169.1,3.465
1853466,891.5,166.6,3.477
1853468,891.5,166.7,3.491
1853470,891.1,168.8,3.468
1853472,891.3,167.2,3.475
1853474,892.0,168.1,3.495
1853476,890.1,168.4,3.484
1853478,893.7,169.5,3.479
1853480,893.4,170.5,3.481
1853482,890.9,167.9,3.472
1853484,892.4,170.5,3.479
1853486,892.5,166.7,3.464
1853488,890.2,170.4,3.477
1853490,891.2,169.0,3.497
1853492,893.0,168.9,3.477
1853494,892.0,169.8,3.467
1853496,894.6,166.7,3.469
1853498,891.9,167.8,3.458
1853500,892.1,165.9,3.472
